Workbook

Sheet Metadata
A1: Colour | B1: Sheet | C1: Data Source | D1: Description
B2: March to Aug Data | C2: "Total Beds Occupied Covid" sheet from Covid-Publication-08-10-2020v3
B3: Sep to Nov Data | C3: "All beds COVID" sheet from Weekly-covid-admissions-and-beds-publication-201105
B4: New Adm Data (Mar to July) | C4: "Admissions Total" sheet from Covid-Publication-08-10-2020v3
B5: New Adm Data (Aug to Nov) | C5: "New hosp cases" sheet from Weekly-covid-admissions-and-beds-publication-201105
B6: Hospital Lookup | D6: Used to check that all organisations with a high number of covid admissions are included in the data for both sample periods. Note that one heavy processing index match formula has been copied as values beyond the first row (should not need updating).
B7: Estimated Hospital Beds | C7: Taken from Beds-Open-Overnight-Web_File-Final-QWEDC which was downloaded from: https://www.england.nhs.uk/statistics/statistical-work-areas/bed-availability-and-occupancy/bed-data-overnight/ | D7: This is the average number of total beds across Q1 (April to June) 2020. Note that this number of beds is a fair bit lower (~8%) than the number of beds in previous quarters.
B8: Analysis | D8: Pulls all the data together.

Sheet March to Aug Data
A1: Daily count of beds occupied by confirmed covid-19 patients
A3: Region | B3: Code | C3: Name | D3: Peak beds in use - March to Aug | E3: 43910 | F3: 43911 | G3: 43912 | H3: 43913 | I3: 43914 | J3: 43915 | K3: 43916 | L3: 43917 | M3: 43918 | N3: 43919 | O3: 43920 | P3: 43921 | Q3: 43922 | R3: 43923 | S3: 43924 | T3: 43925 | U3: 43926 | V3: 43927 | W3: 43928 | X3: 43929 | Y3: 43930 | Z3: 43931 | AA3: 43932 | AB3: 43933 | AC3: 43934 | AD3: 43935 | AE3: 43936 | AF3: 43937 | AG3: 43938 | AH3: 43939 | AI3: 43940 | AJ3: 43941 | AK3: 43942 | AL3: 43943 | AM3: 43944 | AN3: 43945 | AO3: 43946 | AP3: 43947 | AQ3: 43948 | AR3: 43949 | AS3: 43950 | AT3: 43951 | AU3: 43952 | AV3: 43953 | AW3: 43954 | AX3: 43955 | AY3: 43956 | AZ3: 43957 | BA3: 43958 | BB3: 43959 | BC3: 43960 | BD3: 43961 | BE3: 43962 | BF3: 43963 | BG3: 43964 | BH3: 43965 | BI3: 43966 | BJ3: 43967 | BK3: 43968 | BL3: 43969 | BM3: 43970 | BN3: 43971 | BO3: 43972 | BP3: 43973 | BQ3: 43974 | BR3: 43975 | BS3: 43976 | BT3: 43977 | BU3: 43978 | BV3: 43979 | BW3: 43980 | BX3: 43981 | BY3: 43982 | BZ3: 43983 | CA3: 43984 | CB3: 43985 | CC3: 43986 | CD3: 43987 | CE3: 43988 | CF3: 43989 | CG3: 43990 | CH3: 43991 | CI3: 43992 | CJ3: 43993 | CK3: 43994 | CL3: 43995 | CM3: 43996 | CN3: 43997 | CO3: 43998 | CP3: 43999 | CQ3: 44000 | CR3: 44001 | CS3: 44002 | CT3: 44003 | CU3: 44004 | CV3: 44005 | CW3: 44006 | CX3: 44007 | CY3: 44008 | CZ3: 44009 | DA3: 44010 | DB3: 44011 | DC3: 44012 | DD3: 44013 | DE3: 44014 | DF3: 44015 | DG3: 44016 | DH3: 44017 | DI3: 44018 | DJ3: 44019 | DK3: 44020 | DL3: 44021 | DM3: 44022 | DN3: 44023 | DO3: 44024 | DP3: 44025 | DQ3: 44026 | DR3: 44027 | DS3: 44028 | DT3: 44029 | DU3: 44030 | DV3: 44031 | DW3: 44032 | DX3: 44033 | DY3: 44034 | DZ3: 44035 | EA3: 44036 | EB3: 44037 | EC3: 44038 | ED3: 44039 | EE3: 44040 | EF3: 44041 | EG3: 44042 | EH3: 44043 | EI3: 44044 | EJ3: 44045 | EK3: 44046 | EL3: 44047 | EM3: 44048 | EN3: 44049 | EO3: 44050 | EP3: 44051 | EQ3: 44052 | ER3: 44053 | ES3: 44054 | ET3: 44055 | EU3: 44056 | EV3: 44057 | EW3: 44058 | EX3: 44059 | EY3: 44060 | EZ3: 44061 | FA3: 44062 | FB3: 44063 | FC3: 44064 | FD3: 44065 | FE3: 44066 | FF3: 44067 | FG3: 44068 | FH3: 44069 | FI3: 44070 | FJ3: 44071 | FK3: 44072 | FL3: 44073 | FM3: 44074
A4: - | B4: - | C4: Overall | D4: =MAX(E4:FM4) -> 18970 | E4: =SUM(E5:E318) -> 1580 | F4: =SUM(F5:F318) -> 2152 | G4: =SUM(G5:G318) -> 2670 | H4: =SUM(H5:H318) -> 3183 | I4: =SUM(I5:I318) -> 3598 | J4: =SUM(J5:J318) -> 4402 | K4: =SUM(K5:K318) -> 5226 | L4: =SUM(L5:L318) -> 6462 | ... FM4: =SUM(FM5:FM318) -> 495
A5: East of England | B5: AND | C5: Baddow Hospital Ltd | D5: =MAX(E5:FM5) -> 0 | E5: 0 | F5: 0 | G5: 0 | H5: 0 | I5: 0 | J5: 0 | K5: 0 | L5: 0 | M5: 0 | N5: 0 | O5: 0 | P5: 0 | Q5: 0 | R5: 0 | S5: 0 | T5: 0 | U5: 0 | V5: 0 | W5: 0 | X5: 0 | Y5: 0 | Z5: 0 | AA5: 0 | AB5: 0 | AC5: 0 | AD5: 0 | AE5: 0 | AF5: 0 | AG5: 0 | AH5: 0 | AI5: 0 | AJ5: 0 | AK5: 0 | AL5: 0 | AM5: 0 | AN5: 0 | AO5: 0 | AP5: 0 | AQ5: 0 | AR5: 0 | AS5: 0 | AT5: 0 | AU5: 0 | AV5: 0 | AW5: 0 | AX5: 0 | AY5: 0 | AZ5: 0 | BA5: 0 | BB5: 0 | BC5: 0 | BD5: 0 | BE5: 0 | BF5: 0 | BG5: 0 | BH5: 0 | BI5: 0 | BJ5: 0 | BK5: 0 | BL5: 0 | BM5: 0 | BN5: 0 | BO5: 0 | BP5: 0 | BQ5: 0 | BR5: 0 | BS5: 0 | BT5: 0 | BU5: 0 | BV5: 0 | BW5: 0 | BX5: 0 | BY5: 0 | BZ5: 0 | CA5: 0 | CB5: 0 | CC5: 0 | CD5: 0 | CE5: 0 | CF5: 0 | CG5: 0 | CH5: 0 | CI5: 0 | CJ5: 0 | CK5: 0 | CL5: 0 | CM5: 0 | CN5: 0 | CO5: 0 | CP5: 0 | CQ5: 0 | CR5: 0 | CS5: 0 | CT5: 0 | CU5: 0 | CV5: 0 | CW5: 0 | CX5: 0 | CY5: 0 | CZ5: 0 | DA5: 0 | DB5: 0 | DC5: 0 | DD5: 0 | DE5: 0 | DF5: 0 | DG5: 0 | DH5: 0 | DI5: 0 | DJ5: 0 | DK5: 0 | DL5: 0 | DM5: 0 | DN5: 0 | DO5: 0 | DP5: 0 | DQ5: 0 | DR5: 0 | DS5: 0 | DT5: 0 | DU5: 0 | DV5: 0 | DW5: 0 | DX5: 0 | DY5: 0 | DZ5: 0 | EA5: 0 | EB5: 0 | EC5: 0 | ED5: 0 | EE5: 0 | EF5: 0 | EG5: 0 | EH5: 0 | EI5: 0 | EJ5: 0 | EK5: 0 | EL5: 0 | EM5: 0 | EN5: 0 | EO5: 0 | EP5: 0 | EQ5: 0 | ER5: 0 | ES5: 0 | ET5: 0 | EU5: 0 | EV5: 0 | EW5: 0 | EX5: 0 | EY5: 0 | EZ5: 0 | FA5: 0 | FB5: 0 | FC5: 0 | FD5: 0 | FE5: 0 | FF5: 0 | FG5: 0 | FH5: 0 | FI5: 0 | FJ5: 0 | FK5: 0 | FL5: 0 | FM5: 0
A6: East of England | B6: AVQ | C6: One Healthcare | D6: =MAX(E6:FM6) -> 0 | E6: 0 | F6: 0 | G6: 0 | H6: 0 | I6: 0 | J6: 0 | K6: 0 | L6: 0 | M6: 0 | N6: 0 | O6: 0 | P6: 0 | Q6: 0 | R6: 0 | S6: 0 | T6: 0 | U6: 0 | V6: 0 | W6: 0 | X6: 0 | Y6: 0 | Z6: 0 | AA6: 0 | AB6: 0 | AC6: 0 | AD6: 0 | AE6: 0 | AF6: 0 | AG6: 0 | AH6: 0 | AI6: 0 | AJ6: 0 | AK6: 0 | AL6: 0 | AM6: 0 | AN6: 0 | AO6: 0 | AP6: 0 | AQ6: 0 | AR6: 0 | AS6: 0 | AT6: 0 | AU6: 0 | AV6: 0 | AW6: 0 | AX6: 0 | AY6: 0 | AZ6: 0 | BA6: 0 | BB6: 0 | BC6: 0 | BD6: 0 | BE6: 0 | BF6: 0 | BG6: 0 | BH6: 0 | BI6: 0 | BJ6: 0 | BK6: 0 | BL6: 0 | BM6: 0 | BN6: 0 | BO6: 0 | BP6: 0 | BQ6: 0 | BR6: 0 | BS6: 0 | BT6: 0 | BU6: 0 | BV6: 0 | BW6: 0 | BX6: 0 | BY6: 0 | BZ6: 0 | CA6: 0 | CB6: 0 | CC6: 0 | CD6: 0 | CE6: 0 | CF6: 0 | CG6: 0 | CH6: 0 | CI6: 0 | CJ6: 0 | CK6: 0 | CL6: 0 | CM6: 0 | CN6: 0 | CO6: 0 | CP6: 0 | CQ6: 0 | CR6: 0 | CS6: 0 | CT6: 0 | CU6: 0 | CV6: 0 | CW6: 0 | CX6: 0 | CY6: 0 | CZ6: 0 | DA6: 0 | DB6: 0 | DC6: 0 | DD6: 0 | DE6: 0 | DF6: 0 | DG6: 0 | DH6: 0 | DI6: 0 | DJ6: 0 | DK6: 0 | DL6: 0 | DM6: 0 | DN6: 0 | DO6: 0 | DP6: 0 | DQ6: 0 | DR6: 0 | DS6: 0 | DT6: 0 | DU6: 0 | DV6: 0 | DW6: 0 | DX6: 0 | DY6: 0 | DZ6: 0 | EA6: 0 | EB6: 0 | EC6: 0 | ED6: 0 | EE6: 0 | EF6: 0 | EG6: 0 | EH6: 0 | EI6: 0 | EJ6: 0 | EK6: 0 | EL6: 0 | EM6: 0 | EN6: 0 | EO6: 0 | EP6: 0 | EQ6: 0 | ER6: 0 | ES6: 0 | ET6: 0 | EU6: 0 | EV6: 0 | EW6: 0 | EX6: 0 | EY6: 0 | EZ6: 0 | FA6: 0 | FB6: 0 | FC6: 0 | FD6: 0 | FE6: 0 | FF6: 0 | FG6: 0 | FH6: 0 | FI6: 0 | FJ6: 0 | FK6: 0 | FL6: 0 | FM6: 0
A7: East of England | B7: AWR | C7: One Stop Doctors Limited | D7: =MAX(E7:FM7) -> 0 | E7: 0 | F7: 0 | G7: 0 | H7: 0 | I7: 0 | J7: 0 | K7: 0 | L7: 0 | M7: 0 | N7: 0 | O7: 0 | P7: 0 | Q7: 0 | R7: 0 | S7: 0 | T7: 0 | U7: 0 | V7: 0 | W7: 0 | X7: 0 | Y7: 0 | Z7: 0 | AA7: 0 | AB7: 0 | AC7: 0 | AD7: 0 | AE7: 0 | AF7: 0 | AG7: 0 | AH7: 0 | AI7: 0 | AJ7: 0 | AK7: 0 | AL7: 0 | AM7: 0 | AN7: 0 | AO7: 0 | AP7: 0 | AQ7: 0 | AR7: 0 | AS7: 0 | AT7: 0 | AU7: 0 | AV7: 0 | AW7: 0 | AX7: 0 | AY7: 0 | AZ7: 0 | BA7: 0 | BB7: 0 | BC7: 0 | BD7: 0 | BE7: 0 | BF7: 0 | BG7: 0 | BH7: 0 | BI7: 0 | BJ7: 0 | BK7: 0 | BL7: 0 | BM7: 0 | BN7: 0 | BO7: 0 | BP7: 0 | BQ7: 0 | BR7: 0 | BS7: 0 | BT7: 0 | BU7: 0 | BV7: 0 | BW7: 0 | BX7: 0 | BY7: 0 | BZ7: 0 | CA7: 0 | CB7: 0 | CC7: 0 | CD7: 0 | CE7: 0 | CF7: 0 | CG7: 0 | CH7: 0 | CI7: 0 | CJ7: 0 | CK7: 0 | CL7: 0 | CM7: 0 | CN7: 0 | CO7: 0 | CP7: 0 | CQ7: 0 | CR7: 0 | CS7: 0 | CT7: 0 | CU7: 0 | CV7: 0 | CW7: 0 | CX7: 0 | CY7: 0 | CZ7: 0 | DA7: 0 | DB7: 0 | DC7: 0 | DD7: 0 | DE7: 0 | DF7: 0 | DG7: 0 | DH7: 0 | DI7: 0 | DJ7: 0 | DK7: 0 | DL7: 0 | DM7: 0 | DN7: 0 | DO7: 0 | DP7: 0 | DQ7: 0 | DR7: 0 | DS7: 0 | DT7: 0 | DU7: 0 | DV7: 0 | DW7: 0 | DX7: 0 | DY7: 0 | DZ7: 0 | EA7: 0 | EB7: 0 | EC7: 0 | ED7: 0 | EE7: 0 | EF7: 0 | EG7: 0 | EH7: 0 | EI7: 0 | EJ7: 0 | EK7: 0 | EL7: 0 | EM7: 0 | EN7: 0 | EO7: 0 | EP7: 0 | EQ7: 0 | ER7: 0 | ES7: 0 | ET7: 0 | EU7: 0 | EV7: 0 | EW7: 0 | EX7: 0 | EY7: 0 | EZ7: 0 | FA7: 0 | FB7: 0 | FC7: 0 | FD7: 0 | FE7: 0 | FF7: 0 | FG7: 0 | FH7: 0 | FI7: 0 | FJ7: 0 | FK7: 0 | FL7: 0 | FM7: 0
A8: East of England | B8: DE8 | C8: Elysium Healthcare | D8: =MAX(E8:FM8) -> 20 | E8: 0 | F8: 0 | G8: 0 | H8: 0 | I8: 0 | J8: 0 | K8: 0 | L8: 0 | M8: 0 | N8: 0 | O8: 0 | P8: 0 | Q8: 0 | R8: 0 | S8: 0 | T8: 0 | U8: 0 | V8: 0 | W8: 0 | X8: 0 | Y8: 0 | Z8: 0 | AA8: 0 | AB8: 0 | AC8: 0 | AD8: 0 | AE8: 0 | AF8: 0 | AG8: 0 | AH8: 0 | AI8: 0 | AJ8: 0 | AK8: 0 | AL8: 0 | AM8: 0 | AN8: 0 | AO8: 0 | AP8: 0 | AQ8: 0 | AR8: 0 | AS8: 0 | AT8: 0 | AU8: 0 | AV8: 0 | AW8: 0 | AX8: 0 | AY8: 0 | AZ8: 0 | BA8: 19 | BB8: 17 | BC8: 20 | BD8: 20 | BE8: 15 | BF8: 15 | BG8: 19 | BH8: 18 | BI8: 9 | BJ8: 9 | BK8: 9 | BL8: 9 | BM8: 9 | BN8: 8 | BO8: 8 | BP8: 8 | BQ8: 8 | BR8: 9 | BS8: 9 | BT8: 9 | BU8: 9 | BV8: 9 | BW8: 9 | BX8: 9 | BY8: 9 | BZ8: 9 | CA8: 9 | CB8: 9 | CC8: 9 | CD8: 13 | CE8: 1 | CF8: 1 | CG8: 1 | CH8: 1 | CI8: 0 | CJ8: 0 | CK8: 0 | CL8: 0 | CM8: 0 | CN8: 0 | CO8: 0 | CP8: 0 | CQ8: 0 | CR8: 0 | CS8: 0 | CT8: 0 | CU8: 0 | CV8: 0 | CW8: 0 | CX8: 0 | CY8: 0 | CZ8: 0 | DA8: 0 | DB8: 0 | DC8: 0 | DD8: 0 | DE8: 0 | DF8: 0 | DG8: 0 | DH8: 0 | DI8: 0 | DJ8: 0 | DK8: 0 | DL8: 0 | DM8: 0 | DN8: 0 | DO8: 0 | DP8: 0 | DQ8: 0 | DR8: 0 | DS8: 0 | DT8: 0 | DU8: 0 | DV8: 0 | DW8: 0 | DX8: 0 | DY8: 0 | DZ8: 0 | EA8: 0 | EB8: 0 | EC8: 0 | ED8: 0 | EE8: 0 | EF8: 0 | EG8: 0 | EH8: 0 | EI8: 0 | EJ8: 0 | EK8: 0 | EL8: 0 | EM8: 0 | EN8: 0 | EO8: 0 | EP8: 0 | EQ8: 0 | ER8: 0 | ES8: 0 | ET8: 0 | EU8: 0 | EV8: 0 | EW8: 0 | EX8: 0 | EY8: 0 | EZ8: 0 | FA8: 0 | FB8: 0 | FC8: 0 | FD8: 0 | FE8: 0 | FF8: 0 | FG8: 0 | FH8: 0 | FI8: 0 | FJ8: 0 | FK8: 0 | FL8: 0 | FM8: 0
A9: East of England | B9: NAX | C9: East Coast Community Healthcare C.I.C | D9: =MAX(E9:FM9) -> 8 | E9: 0 | F9: 0 | G9: 0 | H9: 0 | I9: 0 | J9: 0 | K9: 0 | L9: 0 | M9: 0 | N9: 0 | O9: 0 | P9: 0 | Q9: 0 | R9: 1 | S9: 1 | T9: 0 | U9: 0 | V9: 1 | W9: 3 | X9: 3 | Y9: 6 | Z9: 5 | AA9: 5 | AB9: 5 | AC9: 6 | AD9: 7 | AE9: 7 | AF9: 8 | AG9: 8 | AH9: 8 | AI9: 8 | AJ9: 8 | AK9: 7 | AL9: 7 | AM9: 7 | AN9: 6 | AO9: 5 | AP9: 6 | AQ9: 6 | AR9: 6 | AS9: 8 | AT9: 7 | AU9: 6 | AV9: 5 | AW9: 5 | AX9: 6 | AY9: 4 | AZ9: 4 | BA9: 4 | BB9: 4 | BC9: 4 | BD9: 3 | BE9: 3 | BF9: 4 | BG9: 5 | BH9: 7 | BI9: 7 | BJ9: 7 | BK9: 7 | BL9: 7 | BM9: 8 | BN9: 7 | BO9: 7 | BP9: 6 | BQ9: 5 | BR9: 5 | BS9: 5 | BT9: 5 | BU9: 1 | BV9: 0 | BW9: 1 | BX9: 1 | BY9: 1 | BZ9: 1 | CA9: 1 | CB9: 1 | CC9: 1 | CD9: 1 | CE9: 2 | CF9: 2 | CG9: 2 | CH9: 2 | CI9: 2 | CJ9: 2 | CK9: 2 | CL9: 2 | CM9: 2 | CN9: 2 | CO9: 2 | CP9: 2 | CQ9: 2 | CR9: 0 | CS9: 0 | CT9: 0 | CU9: 0 | CV9: 0 | CW9: 0 | CX9: 0 | CY9: 0 | CZ9: 0 | DA9: 0 | DB9: 0 | DC9: 0 | DD9: 0 | DE9: 0 | DF9: 0 | DG9: 0 | DH9: 0 | DI9: 0 | DJ9: 0 | DK9: 0 | DL9: 0 | DM9: 0 | DN9: 0 | DO9: 0 | DP9: 0 | DQ9: 0 | DR9: 0 | DS9: 0 | DT9: 0 | DU9: 0 | DV9: 0 | DW9: 0 | DX9: 0 | DY9: 0 | DZ9: 0 | EA9: 0 | EB9: 0 | EC9: 0 | ED9: 0 | EE9: 0 | EF9: 0 | EG9: 0 | EH9: 0 | EI9: 0 | EJ9: 0 | EK9: 0 | EL9: 0 | EM9: 0 | EN9: 0 | EO9: 0 | EP9: 0 | EQ9: 0 | ER9: 0 | ES9: 0 | ET9: 0 | EU9: 0 | EV9: 0 | EW9: 0 | EX9: 0 | EY9: 0 | EZ9: 0 | FA9: 0 | FB9: 0 | FC9: 0 | FD9: 0 | FE9: 0 | FF9: 0 | FG9: 0 | FH9: 0 | FI9: 0 | FJ9: 0 | FK9: 0 | FL9: 0 | FM9: 0
A10: East of England | B10: NLN | C10: Jeesal Akman Care Corporation Ltd | D10: =MAX(E10:FM10) -> 3 | E10: 0 | F10: 0 | G10: 0 | H10: 0 | I10: 0 | J10: 0 | K10: 0 | L10: 0 | M10: 0 | N10: 0 | O10: 0 | P10: 0 | Q10: 0 | R10: 0 | S10: 0 | T10: 0 | U10: 0 | V10: 0 | W10: 0 | X10: 0 | Y10: 0 | Z10: 0 | AA10: 0 | AB10: 0 | AC10: 0 | AD10: 0 | AE10: 0 | AF10: 0 | AG10: 0 | AH10: 0 | AI10: 0 | AJ10: 0 | AK10: 0 | AL10: 0 | AM10: 0 | AN10: 0 | AO10: 0 | AP10: 0 | AQ10: 0 | AR10: 0 | AS10: 0 | AT10: 0 | AU10: 0 | AV10: 0 | AW10: 0 | AX10: 0 | AY10: 0 | AZ10: 0 | BA10: 0 | BB10: 0 | BC10: 0 | BD10: 0 | BE10: 0 | BF10: 0 | BG10: 0 | BH10: 0 | BI10: 0 | BJ10: 0 | BK10: 0 | BL10: 0 | BM10: 0 | BN10: 0 | BO10: 0 | BP10: 0 | BQ10: 0 | BR10: 0 | BS10: 0 | BT10: 0 | BU10: 0 | BV10: 3 | BW10: 3 | BX10: 0 | BY10: 0 | BZ10: 3 | CA10: 1 | CB10: 0 | CC10: 0 | CD10: 0 | CE10: 0 | CF10: 0 | CG10: 0 | CH10: 0 | CI10: 0 | CJ10: 0 | CK10: 0 | CL10: 0 | CM10: 0 | CN10: 0 | CO10: 0 | CP10: 0 | CQ10: 0 | CR10: 0 | CS10: 0 | CT10: 0 | CU10: 0 | CV10: 0 | CW10: 0 | CX10: 0 | CY10: 0 | CZ10: 0 | DA10: 0 | DB10: 0 | DC10: 0 | DD10: 0 | DE10: 0 | DF10: 0 | DG10: 0 | DH10: 0 | DI10: 0 | DJ10: 0 | DK10: 0 | DL10: 0 | DM10: 0 | DN10: 0 | DO10: 0 | DP10: 0 | DQ10: 0 | DR10: 0 | DS10: 0 | DT10: 0 | DU10: 0 | DV10: 0 | DW10: 0 | DX10: 0 | DY10: 0 | DZ10: 0 | EA10: 0 | EB10: 0 | EC10: 0 | ED10: 0 | EE10: 0 | EF10: 0 | EG10: 0 | EH10: 0 | EI10: 0 | EJ10: 0 | EK10: 0 | EL10: 0 | EM10: 0 | EN10: 0 | EO10: 0 | EP10: 0 | EQ10: 0 | ER10: 0 | ES10: 0 | ET10: 0 | EU10: 0 | EV10: 0 | EW10: 0 | EX10: 0 | EY10: 0 | EZ10: 0 | FA10: 0 | FB10: 0 | FC10: 0 | FD10: 0 | FE10: 0 | FF10: 0 | FG10: 0 | FH10: 0 | FI10: 0 | FJ10: 0 | FK10: 0 | FL10: 0 | FM10: 0
A11: East of England | B11: NMJ | C11: Cygnet Health Care Limited | D11: =MAX(E11:FM11) -> 0 | E11: 0 | F11: 0 | G11: 0 | H11: 0 | I11: 0 | J11: 0 | K11: 0 | L11: 0 | M11: 0 | N11: 0 | O11: 0 | P11: 0 | Q11: 0 | R11: 0 | S11: 0 | T11: 0 | U11: 0 | V11: 0 | W11: 0 | X11: 0 | Y11: 0 | Z11: 0 | AA11: 0 | AB11: 0 | AC11: 0 | AD11: 0 | AE11: 0 | AF11: 0 | AG11: 0 | AH11: 0 | AI11: 0 | AJ11: 0 | AK11: 0 | AL11: 0 | AM11: 0 | AN11: 0 | AO11: 0 | AP11: 0 | AQ11: 0 | AR11: 0 | AS11: 0 | AT11: 0 | AU11: 0 | AV11: 0 | AW11: 0 | AX11: 0 | AY11: 0 | AZ11: 0 | BA11: 0 | BB11: 0 | BC11: 0 | BD11: 0 | BE11: 0 | BF11: 0 | BG11: 0 | BH11: 0 | BI11: 0 | BJ11: 0 | BK11: 0 | BL11: 0 | BM11: 0 | BN11: 0 | BO11: 0 | BP11: 0 | BQ11: 0 | BR11: 0 | BS11: 0 | BT11: 0 | BU11: 0 | BV11: 0 | BW11: 0 | BX11: 0 | BY11: 0 | BZ11: 0 | CA11: 0 | CB11: 0 | CC11: 0 | CD11: 0 | CE11: 0 | CF11: 0 | CG11: 0 | CH11: 0 | CI11: 0 | CJ11: 0 | CK11: 0 | CL11: 0 | CM11: 0 | CN11: 0 | CO11: 0 | CP11: 0 | CQ11: 0 | CR11: 0 | CS11: 0 | CT11: 0 | CU11: 0 | CV11: 0 | CW11: 0 | CX11: 0 | CY11: 0 | CZ11: 0 | DA11: 0 | DB11: 0 | DC11: 0 | DD11: 0 | DE11: 0 | DF11: 0 | DG11: 0 | DH11: 0 | DI11: 0 | DJ11: 0 | DK11: 0 | DL11: 0 | DM11: 0 | DN11: 0 | DO11: 0 | DP11: 0 | DQ11: 0 | DR11: 0 | DS11: 0 | DT11: 0 | DU11: 0 | DV11: 0 | DW11: 0 | DX11: 0 | DY11: 0 | DZ11: 0 | EA11: 0 | EB11: 0 | EC11: 0 | ED11: 0 | EE11: 0 | EF11: 0 | EG11: 0 | EH11: 0 | EI11: 0 | EJ11: 0 | EK11: 0 | EL11: 0 | EM11: 0 | EN11: 0 | EO11: 0 | EP11: 0 | EQ11: 0 | ER11: 0 | ES11: 0 | ET11: 0 | EU11: 0 | EV11: 0 | EW11: 0 | EX11: 0 | EY11: 0 | EZ11: 0 | FA11: 0 | FB11: 0 | FC11: 0 | FD11: 0 | FE11: 0 | FF11: 0 | FG11: 0 | FH11: 0 | FI11: 0 | FJ11: 0 | FK11: 0 | FL11: 0 | FM11: 0
A12: East of England | B12: NQ1 | C12: Anglian Community Enterprise Community Interest Company (Ace Cic) | D12: =MAX(E12:FM12) -> 28 | E12: 0 | F12: 0 | G12: 0 | H12: 0 | I12: 0 | J12: 0 | K12: 0 | L12: 0 | M12: 0 | N12: 0 | O12: 0 | P12: 0 | Q12: 0 | R12: 4 | S12: 0 | T12: 6 | U12: 6 | V12: 8 | W12: 7 | X12: 6 | Y12: 12 | Z12: 15 | AA12: 18 | AB12: 17 | AC12: 15 | AD12: 14 | AE12: 13 | AF12: 13 | AG12: 12 | AH12: 11 | AI12: 11 | AJ12: 11 | AK12: 13 | AL12: 9 | AM12: 9 | AN12: 11 | AO12: 8 | AP12: 9 | AQ12: 14 | AR12: 17 | AS12: 14 | AT12: 13 | AU12: 18 | AV12: 19 | AW12: 17 | AX12: 16 | AY12: 19 | AZ12: 28 | BA12: 20 | BB12: 19 | BC12: 18 | BD12: 18 | BE12: 18 | BF12: 21 | BG12: 18 | BH12: 16 | BI12: 17 | BJ12: 16 | BK12: 16 | BL12: 19 | BM12: 14 | BN12: 20 | BO12: 20 | BP12: 18 | BQ12: 18 | BR12: 16 | BS12: 16 | BT12: 16 | BU12: 16 | BV12: 15 | BW12: 15 | BX12: 12 | BY12: 12 | BZ12: 14 | CA12: 14 | CB12: 13 | CC12: 11 | CD12: 11 | CE12: 8 | CF12: 8 | CG12: 8 | CH12: 6 | CI12: 7 | CJ12: 6 | CK12: 7 | CL12: 9 | CM12: 9 | CN12: 9 | CO12: 6 | CP12: 6 | CQ12: 6 | CR12: 6 | CS12: 5 | CT12: 5 | CU12: 5 | CV12: 3 | CW12: 3 | CX12: 3 | CY12: 4 | CZ12: 4 | DA12: 4 | DB12: 2 | DC12: 1 | DD12: 1 | DE12: 1 | DF12: 1 | DG12: 1 | DH12: 1 | DI12: 1 | DJ12: 3 | DK12: 3 | DL12: 3 | DM12: 3 | DN12: 3 | DO12: 3 | DP12: 3 | DQ12: 3 | DR12: 4 | DS12: 3 | DT12: 3 | DU12: 1 | DV12: 2 | DW12: 1 | DX12: 1 | DY12: 1 | DZ12: 2 | EA12: 2 | EB12: 2 | EC12: 2 | ED12: 2 | EE12: 1 | EF12: 0 | EG12: 0 | EH12: 0 | EI12: 0 | EJ12: 0 | EK12: 0 | EL12: 0 | EM12: 1 | EN12: 1 | EO12: 1 | EP12: 1 | EQ12: 1 | ER12: 1 | ES12: 1 | ET12: 0 | EU12: 0 | EV12: 0 | EW12: 0 | EX12: 0 | EY12: 0 | EZ12: 0 | FA12: 0 | FB12: 0 | FC12: 0 | FD12: 0 | FE12: 0 | FF12: 0 | FG12: 0 | FH12: 0 | FI12: 0 | FJ12: 0 | FK12: 1 | FL12: 1 | FM12: 1
A13: East of England | B13: NQA | C13: Provide | D13: =MAX(E13:FM13) -> 24 | E13: 0 | F13: 0 | G13: 0 | H13: 0 | I13: 0 | J13: 0 | K13: 0 | L13: 0 | M13: 0 | N13: 0 | O13: 0 | P13: 0 | Q13: 0 | R13: 0 | S13: 0 | T13: 0 | U13: 0 | V13: 0 | W13: 9 | X13: 10 | Y13: 12 | Z13: 15 | AA13: 17 | AB13: 19 | AC13: 19 | AD13: 19 | AE13: 15 | AF13: 16 | AG13: 17 | AH13: 15 | AI13: 15 | AJ13: 24 | AK13: 16 | AL13: 15 | AM13: 16 | AN13: 17 | AO13: 14 | AP13: 14 | AQ13: 18 | AR13: 0 | AS13: 19 | AT13: 19 | AU13: 14 | AV13: 14 | AW13: 10 | AX13: 9 | AY13: 7 | AZ13: 6 | BA13: 7 | BB13: 7 | BC13: 0 | BD13: 0 | BE13: 0 | BF13: 0 | BG13: 0 | BH13: 0 | BI13: 0 | BJ13: 0 | BK13: 0 | BL13: 0 | BM13: 0 | BN13: 0 | BO13: 0 | BP13: 0 | BQ13: 0 | BR13: 0 | BS13: 0 | BT13: 0 | BU13: 0 | BV13: 0 | BW13: 0 | BX13: 0 | BY13: 0 | BZ13: 0 | CA13: 0 | CB13: 0 | CC13: 0 | CD13: 0 | CE13: 0 | CF13: 0 | CG13: 0 | CH13: 0 | CI13: 0 | CJ13: 0 | CK13: 0 | CL13: 0 | CM13: 0 | CN13: 0 | CO13: 0 | CP13: 0 | CQ13: 0 | CR13: 0 | CS13: 0 | CT13: 0 | CU13: 0 | CV13: 0 | CW13: 0 | CX13: 0 | CY13: 0 | CZ13: 0 | DA13: 0 | DB13: 0 | DC13: 0 | DD13: 0 | DE13: 0 | DF13: 0 | DG13: 0 | DH13: 0 | DI13: 0 | DJ13: 0 | DK13: 0 | DL13: 0 | DM13: 0 | DN13: 0 | DO13: 0 | DP13: 0 | DQ13: 0 | DR13: 0 | DS13: 0 | DT13: 0 | DU13: 0 | DV13: 0 | DW13: 0 | DX13: 0 | DY13: 0 | DZ13: 0 | EA13: 0 | EB13: 0 | EC13: 0 | ED13: 0 | EE13: 0 | EF13: 0 | EG13: 0 | EH13: 0 | EI13: 0 | EJ13: 0 | EK13: 0 | EL13: 0 | EM13: 0 | EN13: 0 | EO13: 0 | EP13: 0 | EQ13: 0 | ER13: 0 | ES13: 0 | ET13: 0 | EU13: 0 | EV13: 0 | EW13: 0 | EX13: 0 | EY13: 0 | EZ13: 0 | FA13: 0 | FB13: 0 | FC13: 0 | FD13: 0 | FE13: 0 | FF13: 0 | FG13: 0 | FH13: 0 | FI13: 0 | FJ13: 0 | FK13: 0 | FL13: 0 | FM13: 0
A14: East of England | B14: NT2 | C14: Nuffield Health | D14: =MAX(E14:FM14) -> 0 | E14: 0 | F14: 0 | G14: 0 | H14: 0 | I14: 0 | J14: 0 | K14: 0 | L14: 0 | M14: 0 | N14: 0 | O14: 0 | P14: 0 | Q14: 0 | R14: 0 | S14: 0 | T14: 0 | U14: 0 | V14: 0 | W14: 0 | X14: 0 | Y14: 0 | Z14: 0 | AA14: 0 | AB14: 0 | AC14: 0 | AD14: 0 | AE14: 0 | AF14: 0 | AG14: 0 | AH14: 0 | AI14: 0 | AJ14: 0 | AK14: 0 | AL14: 0 | AM14: 0 | AN14: 0 | AO14: 0 | AP14: 0 | AQ14: 0 | AR14: 0 | AS14: 0 | AT14: 0 | AU14: 0 | AV14: 0 | AW14: 0 | AX14: 0 | AY14: 0 | AZ14: 0 | BA14: 0 | BB14: 0 | BC14: 0 | BD14: 0 | BE14: 0 | BF14: 0 | BG14: 0 | BH14: 0 | BI14: 0 | BJ14: 0 | BK14: 0 | BL14: 0 | BM14: 0 | BN14: 0 | BO14: 0 | BP14: 0 | BQ14: 0 | BR14: 0 | BS14: 0 | BT14: 0 | BU14: 0 | BV14: 0 | BW14: 0 | BX14: 0 | BY14: 0 | BZ14: 0 | CA14: 0 | CB14: 0 | CC14: 0 | CD14: 0 | CE14: 0 | CF14: 0 | CG14: 0 | CH14: 0 | CI14: 0 | CJ14: 0 | CK14: 0 | CL14: 0 | CM14: 0 | CN14: 0 | CO14: 0 | CP14: 0 | CQ14: 0 | CR14: 0 | CS14: 0 | CT14: 0 | CU14: 0 | CV14: 0 | CW14: 0 | CX14: 0 | CY14: 0 | CZ14: 0 | DA14: 0 | DB14: 0 | DC14: 0 | DD14: 0 | DE14: 0 | DF14: 0 | DG14: 0 | DH14: 0 | DI14: 0 | DJ14: 0 | DK14: 0 | DL14: 0 | DM14: 0 | DN14: 0 | DO14: 0 | DP14: 0 | DQ14: 0 | DR14: 0 | DS14: 0 | DT14: 0 | DU14: 0 | DV14: 0 | DW14: 0 | DX14: 0 | DY14: 0 | DZ14: 0 | EA14: 0 | EB14: 0 | EC14: 0 | ED14: 0 | EE14: 0 | EF14: 0 | EG14: 0 | EH14: 0 | EI14: 0 | EJ14: 0 | EK14: 0 | EL14: 0 | EM14: 0 | EN14: 0 | EO14: 0 | EP14: 0 | EQ14: 0 | ER14: 0 | ES14: 0 | ET14: 0 | EU14: 0 | EV14: 0 | EW14: 0 | EX14: 0 | EY14: 0 | EZ14: 0 | FA14: 0 | FB14: 0 | FC14: 0 | FD14: 0 | FE14: 0 | FF14: 0 | FG14: 0 | FH14: 0 | FI14: 0 | FJ14: 0 | FK14: 0 | FL14: 0 | FM14: 0
A15: East of England | B15: NT3 | C15: Spire Healthcare | D15: =MAX(E15:FM15) -> 2 | E15: 0 | F15: 0 | G15: 0 | H15: 0 | I15: 0 | J15: 0 | K15: 0 | L15: 0 | M15: 0 | N15: 0 | O15: 0 | P15: 0 | Q15: 0 | R15: 0 | S15: 0 | T15: 0 | U15: 0 | V15: 0 | W15: 0 | X15: 2 | Y15: 2 | Z15: 2 | AA15: 2 | AB15: 2 | AC15: 2 | AD15: 2 | AE15: 2 | AF15: 1 | AG15: 0 | AH15: 0 | AI15: 0 | AJ15: 0 | AK15: 0 | AL15: 0 | AM15: 0 | AN15: 0 | AO15: 0 | AP15: 0 | AQ15: 0 | AR15: 0 | AS15: 0 | AT15: 0 | AU15: 0 | AV15: 0 | AW15: 0 | AX15: 0 | AY15: 0 | AZ15: 0 | BA15: 0 | BB15: 0 | BC15: 0 | BD15: 0 | BE15: 0 | BF15: 0 | BG15: 0 | BH15: 0 | BI15: 0 | BJ15: 0 | BK15: 0 | BL15: 0 | BM15: 0 | BN15: 0 | BO15: 0 | BP15: 0 | BQ15: 0 | BR15: 0 | BS15: 0 | BT15: 0 | BU15: 0 | BV15: 0 | BW15: 0 | BX15: 0 | BY15: 0 | BZ15: 0 | CA15: 0 | CB15: 0 | CC15: 0 | CD15: 0 | CE15: 0 | CF15: 0 | CG15: 0 | CH15: 0 | CI15: 0 | CJ15: 0 | CK15: 0 | CL15: 0 | CM15: 0 | CN15: 0 | CO15: 0 | CP15: 0 | CQ15: 0 | CR15: 0 | CS15: 0 | CT15: 0 | CU15: 0 | CV15: 0 | CW15: 0 | CX15: 0 | CY15: 0 | CZ15: 0 | DA15: 0 | DB15: 0 | DC15: 0 | DD15: 0 | DE15: 0 | DF15: 0 | DG15: 0 | DH15: 0 | DI15: 0 | DJ15: 0 | DK15: 0 | DL15: 0 | DM15: 0 | DN15: 0 | DO15: 0 | DP15: 0 | DQ15: 0 | DR15: 0 | DS15: 0 | DT15: 0 | DU15: 0 | DV15: 0 | DW15: 0 | DX15: 0 | DY15: 0 | DZ15: 0 | EA15: 0 | EB15: 0 | EC15: 0 | ED15: 0 | EE15: 0 | EF15: 0 | EG15: 0 | EH15: 0 | EI15: 0 | EJ15: 0 | EK15: 0 | EL15: 0 | EM15: 0 | EN15: 0 | EO15: 0 | EP15: 0 | EQ15: 0 | ER15: 0 | ES15: 0 | ET15: 0 | EU15: 0 | EV15: 0 | EW15: 0 | EX15: 0 | EY15: 0 | EZ15: 0 | FA15: 0 | FB15: 0 | FC15: 0 | FD15: 0 | FE15: 0 | FF15: 0 | FG15: 0 | FH15: 0 | FI15: 0 | FJ15: 0 | FK15: 0 | FL15: 0 | FM15: 0
A16: East of England | B16: NT4 | C16: Bmi Healthcare | D16: =MAX(E16:FM16) -> 0 | E16: 0 | F16: 0 | G16: 0 | H16: 0 | I16: 0 | J16: 0 | K16: 0 | L16: 0 | M16: 0 | N16: 0 | O16: 0 | P16: 0 | Q16: 0 | R16: 0 | S16: 0 | T16: 0 | U16: 0 | V16: 0 | W16: 0 | X16: 0 | Y16: 0 | Z16: 0 | AA16: 0 | AB16: 0 | AC16: 0 | AD16: 0 | AE16: 0 | AF16: 0 | AG16: 0 | AH16: 0 | AI16: 0 | AJ16: 0 | AK16: 0 | AL16: 0 | AM16: 0 | AN16: 0 | AO16: 0 | AP16: 0 | AQ16: 0 | AR16: 0 | AS16: 0 | AT16: 0 | AU16: 0 | AV16: 0 | AW16: 0 | AX16: 0 | AY16: 0 | AZ16: 0 | BA16: 0 | BB16: 0 | BC16: 0 | BD16: 0 | BE16: 0 | BF16: 0 | BG16: 0 | BH16: 0 | BI16: 0 | BJ16: 0 | BK16: 0 | BL16: 0 | BM16: 0 | BN16: 0 | BO16: 0 | BP16: 0 | BQ16: 0 | BR16: 0 | BS16: 0 | BT16: 0 | BU16: 0 | BV16: 0 | BW16: 0 | BX16: 0 | BY16: 0 | BZ16: 0 | CA16: 0 | CB16: 0 | CC16: 0 | CD16: 0 | CE16: 0 | CF16: 0 | CG16: 0 | CH16: 0 | CI16: 0 | CJ16: 0 | CK16: 0 | CL16: 0 | CM16: 0 | CN16: 0 | CO16: 0 | CP16: 0 | CQ16: 0 | CR16: 0 | CS16: 0 | CT16: 0 | CU16: 0 | CV16: 0 | CW16: 0 | CX16: 0 | CY16: 0 | CZ16: 0 | DA16: 0 | DB16: 0 | DC16: 0 | DD16: 0 | DE16: 0 | DF16: 0 | DG16: 0 | DH16: 0 | DI16: 0 | DJ16: 0 | DK16: 0 | DL16: 0 | DM16: 0 | DN16: 0 | DO16: 0 | DP16: 0 | DQ16: 0 | DR16: 0 | DS16: 0 | DT16: 0 | DU16: 0 | DV16: 0 | DW16: 0 | DX16: 0 | DY16: 0 | DZ16: 0 | EA16: 0 | EB16: 0 | EC16: 0 | ED16: 0 | EE16: 0 | EF16: 0 | EG16: 0 | EH16: 0 | EI16: 0 | EJ16: 0 | EK16: 0 | EL16: 0 | EM16: 0 | EN16: 0 | EO16: 0 | EP16: 0 | EQ16: 0 | ER16: 0 | ES16: 0 | ET16: 0 | EU16: 0 | EV16: 0 | EW16: 0 | EX16: 0 | EY16: 0 | EZ16: 0 | FA16: 0 | FB16: 0 | FC16: 0 | FD16: 0 | FE16: 0 | FF16: 0 | FG16: 0 | FH16: 0 | FI16: 0 | FJ16: 0 | FK16: 0 | FL16: 0 | FM16: 0
... A318: South West | B318: RWV | C318: Devon Partnership NHS Trust | D318: =MAX(E318:FM318) -> 4 | E318: 0 | F318: 0 | G318: 0 | H318: 0 | I318: 0 | J318: 0 | K318: 0 | L318: 0 | M318: 0 | N318: 0 | O318: 0 | P318: 0 | Q318: 0 | R318: 0 | S318: 0 | T318: 0 | U318: 0 | V318: 0 | W318: 0 | X318: 0 | Y318: 0 | Z318: 0 | AA318: 1 | AB318: 1 | AC318: 2 | AD318: 2 | AE318: 2 | AF318: 2 | AG318: 2 | AH318: 2 | AI318: 2 | AJ318: 2 | AK318: 2 | AL318: 3 | AM318: 3 | AN318: 4 | AO318: 4 | AP318: 3 | AQ318: 0 | AR318: 0 | AS318: 0 | AT318: 0 | AU318: 0 | AV318: 0 | AW318: 0 | AX318: 0 | AY318: 0 | AZ318: 0 | BA318: 0 | BB318: 0 | BC318: 0 | BD318: 0 | BE318: 0 | BF318: 0 | BG318: 0 | BH318: 0 | BI318: 0 | BJ318: 0 | BK318: 0 | BL318: 0 | BM318: 0 | BN318: 0 | BO318: 0 | BP318: 0 | BQ318: 0 | BR318: 0 | BS318: 0 | BT318: 0 | BU318: 0 | BV318: 0 | BW318: 0 | BX318: 0 | BY318: 0 | BZ318: 0 | CA318: 0 | CB318: 0 | CC318: 0 | CD318: 0 | CE318: 0 | CF318: 0 | CG318: 0 | CH318: 0 | CI318: 0 | CJ318: 0 | CK318: 0 | CL318: 0 | CM318: 0 | CN318: 0 | CO318: 0 | CP318: 0 | CQ318: 0 | CR318: 0 | CS318: 0 | CT318: 0 | CU318: 0 | CV318: 0 | CW318: 0 | CX318: 0 | CY318: 0 | CZ318: 0 | DA318: 0 | DB318: 0 | DC318: 0 | DD318: 0 | DE318: 0 | DF318: 0 | DG318: 0 | DH318: 0 | DI318: 0 | DJ318: 0 | DK318: 0 | DL318: 0 | DM318: 0 | DN318: 0 | DO318: 0 | DP318: 0 | DQ318: 0 | DR318: 0 | DS318: 0 | DT318: 0 | DU318: 0 | DV318: 0 | DW318: 0 | DX318: 0 | DY318: 0 | DZ318: 0 | EA318: 0 | EB318: 0 | EC318: 0 | ED318: 0 | EE318: 0 | EF318: 0 | EG318: 0 | EH318: 0 | EI318: 0 | EJ318: 0 | EK318: 0 | EL318: 0 | EM318: 0 | EN318: 0 | EO318: 0 | EP318: 0 | EQ318: 0 | ER318: 0 | ES318: 0 | ET318: 0 | EU318: 0 | EV318: 0 | EW318: 0 | EX318: 0 | EY318: 0 | EZ318: 0 | FA318: 0 | FB318: 0 | FC318: 0 | FD318: 0 | FE318: 0 | FF318: 0 | FG318: 0 | FH318: 0 | FI318: 0 | FJ318: 0 | FK318: 0 | FL318: 0 | FM318: 0

Sheet Sep to Nov Data
A1: Daily count of beds occupied by confirmed covid-19 patients
A3: NHS England Region | B3: Code | C3: Name | D3: Peak beds in use - Sep to Nov) | E3: 44075 | F3: 44076 | G3: 44077 | H3: 44078 | I3: 44079 | J3: 44080 | K3: 44081 | L3: 44082 | M3: 44083 | N3: 44084 | O3: 44085 | P3: 44086 | Q3: 44087 | R3: 44088 | S3: 44089 | T3: 44090 | U3: 44091 | V3: 44092 | W3: 44093 | X3: 44094 | Y3: 44095 | Z3: 44096 | AA3: 44097 | AB3: 44098 | AC3: 44099 | AD3: 44100 | AE3: 44101 | AF3: 44102 | AG3: 44103 | AH3: 44104 | AI3: 44105 | AJ3: 44106 | AK3: 44107 | AL3: 44108 | AM3: 44109 | AN3: 44110 | AO3: 44111 | AP3: 44112 | AQ3: 44113 | AR3: 44114 | AS3: 44115 | AT3: 44116 | AU3: 44117 | AV3: 44118 | AW3: 44119 | AX3: 44120 | AY3: 44121 | AZ3: 44122 | BA3: 44123 | BB3: 44124 | BC3: 44125 | BD3: 44126 | BE3: 44127 | BF3: 44128 | BG3: 44129 | BH3: 44130 | BI3: 44131 | BJ3: 44132 | BK3: 44133 | BL3: 44134 | BM3: 44135 | BN3: 44136 | BO3: 44137 | BP3: 44138 | BQ3: 44139 | BR3: 44140
A4: - | B4: - | C4: Overall | D4: =MAX(E4:BR4) -> 11037 | E4: =SUM(E5:E488) -> 496 | F4: =SUM(F5:F488) -> 451 | G4: =SUM(G5:G488) -> 468 | H4: =SUM(H5:H488) -> 474 | I4: =SUM(I5:I488) -> 471 | J4: =SUM(J5:J488) -> 483 | K4: =SUM(K5:K488) -> 555 | L4: =SUM(L5:L488) -> 535 | ... BR4: =SUM(BR5:BR488) -> 10994
A5: East of England | B5: AND01 | C5: BADDOW HOSPITAL | D5: =MAX(E5:BR5) -> 0 | E5: 0 | F5: 0 | G5: 0 | H5: 0 | I5: 0 | J5: 0 | K5: 0 | L5: 0 | M5: 0 | N5: 0 | O5: 0 | P5: 0 | Q5: 0 | R5: 0 | S5: 0 | T5: 0 | U5: 0 | V5: 0 | W5: 0 | X5: 0 | Y5: 0 | Z5: 0 | AA5: 0 | AB5: 0 | AC5: 0 | AD5: 0 | AE5: 0 | AF5: 0 | AG5: 0 | AH5: 0 | AI5: 0 | AJ5: 0 | AK5: 0 | AL5: 0 | AM5: 0 | AN5: 0 | AO5: 0 | AP5: 0 | AQ5: 0 | AR5: 0 | AS5: 0 | AT5: 0 | AU5: 0 | AV5: 0 | AW5: 0 | AX5: 0 | AY5: 0 | AZ5: 0 | BA5: 0 | BB5: 0 | BC5: 0 | BD5: 0 | BE5: 0 | BF5: 0 | BG5: 0 | BH5: 0 | BI5: 0 | BJ5: 0 | BK5: 0 | BL5: 0 | BM5: 0 | BN5: 0 | BO5: 0 | BP5: 0 | BQ5: 0 | BR5: 0
A6: East of England | B6: AVQ03 | C6: ONE HATFIELD HOSPITAL | D6: =MAX(E6:BR6) -> 0 | E6: 0 | F6: 0 | G6: 0 | H6: 0 | I6: 0 | J6: 0 | K6: 0 | L6: 0 | M6: 0 | N6: 0 | O6: 0 | P6: 0 | Q6: 0 | R6: 0 | S6: 0 | T6: 0 | U6: 0 | V6: 0 | W6: 0 | X6: 0 | Y6: 0 | Z6: 0 | AA6: 0 | AB6: 0 | AC6: 0 | AD6: 0 | AE6: 0 | AF6: 0 | AG6: 0 | AH6: 0 | AI6: 0 | AJ6: 0 | AK6: 0 | AL6: 0 | AM6: 0 | AN6: 0 | AO6: 0 | AP6: 0 | AQ6: 0 | AR6: 0 | AS6: 0 | AT6: 0 | AU6: 0 | AV6: 0 | AW6: 0 | AX6: 0 | AY6: 0 | AZ6: 0 | BA6: 0 | BB6: 0 | BC6: 0 | BD6: 0 | BE6: 0 | BF6: 0 | BG6: 0 | BH6: 0 | BI6: 0 | BJ6: 0 | BK6: 0 | BL6: 0 | BM6: 0 | BN6: 0 | BO6: 0 | BP6: 0 | BQ6: 0 | BR6: 0
A7: East of England | B7: DE8 | C7: ELYSIUM HEALTHCARE | D7: =MAX(E7:BR7) -> 0
A8: East of England | B8: DE810 | C8: CHADWICK LODGE | D8: =MAX(E8:BR8) -> 0 | E8: 0 | F8: 0 | G8: 0 | H8: 0 | I8: 0 | J8: 0 | K8: 0 | L8: 0 | M8: 0 | N8: 0 | O8: 0 | P8: 0 | Q8: 0 | R8: 0 | S8: 0 | T8: 0 | U8: 0 | V8: 0 | W8: 0 | X8: 0 | Y8: 0 | Z8: 0 | AA8: 0 | AB8: 0 | AC8: 0 | AD8: 0 | AE8: 0 | AF8: 0 | AG8: 0 | AH8: 0 | AI8: 0 | AJ8: 0 | AK8: 0 | AL8: 0 | AM8: 0 | AN8: 0 | AO8: 0 | AP8: 0 | AQ8: 0 | AR8: 0 | AS8: 0 | AT8: 0 | AU8: 0 | AV8: 0 | AW8: 0 | AX8: 0 | AY8: 0 | AZ8: 0 | BA8: 0 | BB8: 0 | BC8: 0 | BD8: 0 | BE8: 0 | BF8: 0 | BG8: 0 | BH8: 0 | BI8: 0 | BJ8: 0 | BK8: 0 | BL8: 0 | BM8: 0 | BN8: 0 | BO8: 0 | BP8: 0 | BQ8: 0 | BR8: 0
A9: East of England | B9: DE816 | C9: POTTERS BAR | D9: =MAX(E9:BR9) -> 0 | E9: 0 | F9: 0 | G9: 0 | H9: 0 | I9: 0 | J9: 0 | K9: 0 | L9: 0 | M9: 0 | N9: 0 | O9: 0 | P9: 0 | Q9: 0 | R9: 0 | S9: 0 | T9: 0 | U9: 0 | V9: 0 | W9: 0 | X9: 0 | Y9: 0 | Z9: 0 | AA9: 0 | AB9: 0 | AC9: 0 | AD9: 0 | AE9: 0 | AF9: 0 | AG9: 0 | AH9: 0 | AI9: 0 | AJ9: 0 | AK9: 0 | AL9: 0 | AM9: 0 | AN9: 0 | AO9: 0 | AP9: 0 | AQ9: 0 | AR9: 0 | AS9: 0 | AT9: 0 | AU9: 0 | AV9: 0 | AW9: 0 | AX9: 0 | AY9: 0 | AZ9: 0 | BA9: 0 | BB9: 0 | BC9: 0 | BD9: 0 | BE9: 0 | BF9: 0 | BG9: 0 | BH9: 0 | BI9: 0 | BJ9: 0 | BK9: 0 | BL9: 0 | BM9: 0 | BN9: 0 | BO9: 0 | BP9: 0 | BQ9: 0 | BR9: 0
A10: East of England | B10: NAX | C10: EAST COAST COMMUNITY HEALTHCARE C.I.C | D10: =MAX(E10:BR10) -> 3 | E10: 0 | F10: 0 | G10: 0 | H10: 0 | I10: 0 | J10: 0 | K10: 0 | L10: 0 | M10: 0 | N10: 0 | O10: 0 | P10: 0 | Q10: 0 | R10: 0 | S10: 0 | T10: 0 | U10: 0 | V10: 0 | W10: 0 | X10: 0 | Y10: 0 | Z10: 0 | AA10: 0 | AB10: 0 | AC10: 0 | AD10: 0 | AE10: 0 | AF10: 0 | AG10: 0 | AH10: 0 | AI10: 0 | AJ10: 0 | AK10: 0 | AL10: 0 | AM10: 0 | AN10: 0 | AO10: 0 | AP10: 0 | AQ10: 0 | AR10: 0 | AS10: 0 | AT10: 0 | AU10: 0 | AV10: 0 | AW10: 0 | AX10: 0 | AY10: 0 | AZ10: 0 | BA10: 0 | BB10: 0 | BC10: 0 | BD10: 0 | BE10: 0 | BF10: 0 | BG10: 0 | BH10: 0 | BI10: 0 | BJ10: 0 | BK10: 0 | BL10: 0 | BM10: 0 | BN10: 0 | BO10: 0 | BP10: 0 | BQ10: 0 | BR10: 3
A11: East of England | B11: NLN | C11: JEESAL AKMAN CARE CORPORATION LTD | D11: =MAX(E11:BR11) -> 0 | E11: 0 | F11: 0 | G11: 0 | H11: 0 | I11: 0 | J11: 0 | K11: 0 | L11: 0 | M11: 0 | N11: 0 | O11: 0 | P11: 0 | Q11: 0 | R11: 0 | S11: 0 | T11: 0 | U11: 0 | V11: 0 | W11: 0 | X11: 0 | Y11: 0 | Z11: 0 | AA11: 0 | AB11: 0 | AC11: 0 | AD11: 0 | AE11: 0 | AF11: 0 | AG11: 0 | AH11: 0 | AI11: 0 | AJ11: 0 | AK11: 0 | AL11: 0 | AM11: 0 | AN11: 0 | AO11: 0 | AP11: 0 | AQ11: 0 | AR11: 0 | AS11: 0 | AT11: 0 | AU11: 0 | AV11: 0 | AW11: 0 | AX11: 0 | AY11: 0 | AZ11: 0 | BA11: 0 | BB11: 0 | BC11: 0 | BD11: 0 | BE11: 0 | BF11: 0 | BG11: 0 | BH11: 0 | BI11: 0 | BJ11: 0 | BK11: 0 | BL11: 0 | BM11: 0 | BN11: 0 | BO11: 0 | BP11: 0 | BQ11: 0 | BR11: 0
A12: East of England | B12: NMJ0N | C12: YEW TREES | D12: =MAX(E12:BR12) -> 0 | E12: 0 | F12: 0 | G12: 0 | H12: 0 | I12: 0 | J12: 0 | K12: 0 | L12: 0 | M12: 0 | N12: 0 | O12: 0 | P12: 0 | Q12: 0 | R12: 0 | S12: 0 | T12: 0 | U12: 0 | V12: 0 | W12: 0 | X12: 0 | Y12: 0 | Z12: 0 | AA12: 0 | AB12: 0 | AC12: 0 | AD12: 0 | AE12: 0 | AF12: 0 | AG12: 0 | AH12: 0 | AI12: 0 | AJ12: 0 | AK12: 0 | AL12: 0 | AM12: 0 | AN12: 0 | AO12: 0 | AP12: 0 | AQ12: 0 | AR12: 0 | AS12: 0 | AT12: 0 | AU12: 0 | AV12: 0 | AW12: 0 | AX12: 0 | AY12: 0 | AZ12: 0 | BA12: 0 | BB12: 0 | BC12: 0 | BD12: 0 | BE12: 0 | BF12: 0 | BG12: 0 | BH12: 0 | BI12: 0 | BJ12: 0 | BK12: 0 | BL12: 0 | BM12: 0 | BN12: 0 | BO12: 0 | BP12: 0 | BQ12: 0 | BR12: 0
A13: East of England | B13: NMJ0U | C13: THORS PARK | D13: =MAX(E13:BR13) -> 0 | E13: 0 | F13: 0 | G13: 0 | H13: 0 | I13: 0 | J13: 0 | K13: 0 | L13: 0 | M13: 0 | N13: 0 | O13: 0 | P13: 0 | Q13: 0 | R13: 0 | S13: 0 | T13: 0 | U13: 0 | V13: 0 | W13: 0 | X13: 0 | Y13: 0 | Z13: 0 | AA13: 0 | AB13: 0 | AC13: 0 | AD13: 0 | AE13: 0 | AF13: 0 | AG13: 0 | AH13: 0 | AI13: 0 | AJ13: 0 | AK13: 0 | AL13: 0 | AM13: 0 | AN13: 0 | AO13: 0 | AP13: 0 | AQ13: 0 | AR13: 0 | AS13: 0 | AT13: 0 | AU13: 0 | AV13: 0 | AW13: 0 | AX13: 0 | AY13: 0 | AZ13: 0 | BA13: 0 | BB13: 0 | BC13: 0 | BD13: 0 | BE13: 0 | BF13: 0 | BG13: 0 | BH13: 0 | BI13: 0 | BJ13: 0 | BK13: 0 | BL13: 0 | BM13: 0 | BN13: 0 | BO13: 0 | BP13: 0 | BQ13: 0 | BR13: 0
A14: East of England | B14: NMJ11 | C14: CYGNET HOSPITAL STEVENAGE | D14: =MAX(E14:BR14) -> 1 | E14: 0 | F14: 0 | G14: 0 | H14: 0 | I14: 0 | J14: 0 | K14: 0 | L14: 0 | M14: 0 | N14: 0 | O14: 0 | P14: 0 | Q14: 0 | R14: 0 | S14: 0 | T14: 0 | U14: 0 | V14: 0 | W14: 0 | X14: 0 | Y14: 0 | Z14: 0 | AA14: 0 | AB14: 0 | AC14: 0 | AD14: 0 | AE14: 0 | AF14: 0 | AG14: 0 | AH14: 0 | AI14: 0 | AJ14: 0 | AK14: 0 | AL14: 0 | AM14: 0 | AN14: 0 | AO14: 0 | AP14: 0 | AQ14: 0 | AR14: 0 | AS14: 0 | AT14: 0 | AU14: 0 | AV14: 0 | AW14: 0 | AX14: 0 | AY14: 0 | AZ14: 0 | BA14: 0 | BB14: 0 | BC14: 0 | BD14: 0 | BE14: 0 | BF14: 0 | BG14: 0 | BH14: 0 | BI14: 0 | BJ14: 0 | BK14: 0 | BL14: 0 | BM14: 0 | BN14: 0 | BO14: 0 | BP14: 1 | BQ14: 1 | BR14: 1
A15: East of England | B15: NMJ44 | C15: CYGNET HOSPITAL COLCHESTER | D15: =MAX(E15:BR15) -> 1 | E15: 0 | F15: 0 | G15: 0 | H15: 0 | I15: 0 | J15: 0 | K15: 0 | L15: 0 | M15: 0 | N15: 0 | O15: 0 | P15: 0 | Q15: 0 | R15: 0 | S15: 0 | T15: 0 | U15: 0 | V15: 0 | W15: 0 | X15: 0 | Y15: 0 | Z15: 0 | AA15: 0 | AB15: 0 | AC15: 0 | AD15: 0 | AE15: 0 | AF15: 0 | AG15: 0 | AH15: 0 | AI15: 0 | AJ15: 0 | AK15: 0 | AL15: 0 | AM15: 0 | AN15: 0 | AO15: 0 | AP15: 0 | AQ15: 0 | AR15: 0 | AS15: 0 | AT15: 0 | AU15: 0 | AV15: 0 | AW15: 0 | AX15: 0 | AY15: 0 | AZ15: 0 | BA15: 0 | BB15: 0 | BC15: 0 | BD15: 0 | BE15: 0 | BF15: 0 | BG15: 1 | BH15: 0 | BI15: 0 | BJ15: 1 | BK15: 0 | BL15: 0 | BM15: 0 | BN15: 0 | BO15: 0 | BP15: 0 | BQ15: 0 | BR15: 0
A16: East of England | B16: NQ1 | C16: ANGLIAN COMMUNITY ENTERPRISE COMMUNITY INTEREST COMPANY (ACE CIC) | D16: =MAX(E16:BR16) -> 21 | E16: 1 | F16: 1 | G16: 1 | H16: 0 | I16: 0 | J16: 0 | K16: 0 | L16: 0 | M16: 0 | N16: 0 | O16: 0 | P16: 0 | Q16: 0 | R16: 0 | S16: 0 | T16: 0 | U16: 0 | V16: 0 | W16: 0 | X16: 0 | Y16: 0 | Z16: 0 | AA16: 0 | AB16: 0 | AC16: 0 | AD16: 0 | AE16: 0 | AF16: 0 | AG16: 0 | AH16: 1 | AI16: 0 | AJ16: 0 | AK16: 0 | AL16: 0 | AM16: 0 | AN16: 0 | AO16: 0 | AP16: 0 | AQ16: 0 | AR16: 0 | AS16: 0 | AT16: 0 | AU16: 2 | AV16: 4 | AW16: 4 | AX16: 4 | AY16: 4 | AZ16: 6 | BA16: 7 | BB16: 7 | BC16: 9 | BD16: 9 | BE16: 12 | BF16: 12 | BG16: 16 | BH16: 16 | BI16: 17 | BJ16: 17 | BK16: 15 | BL16: 13 | BM16: 19 | BN16: 20 | BO16: 20 | BP16: 21 | BQ16: 21 | BR16: 18
A17: East of England | B17: NQA | C17: PROVIDE | D17: =MAX(E17:BR17) -> 1 | E17: 0 | F17: 0 | G17: 0 | H17: 0 | I17: 0 | J17: 0 | K17: 0 | L17: 0 | M17: 0 | N17: 0 | O17: 0 | P17: 0 | Q17: 0 | R17: 0 | S17: 0 | T17: 0 | U17: 0 | V17: 0 | W17: 0 | X17: 0 | Y17: 0 | Z17: 0 | AA17: 0 | AB17: 0 | AC17: 0 | AD17: 0 | AE17: 0 | AF17: 0 | AG17: 0 | AH17: 0 | AI17: 0 | AJ17: 0 | AK17: 0 | AL17: 0 | AM17: 0 | AN17: 0 | AO17: 0 | AP17: 0 | AQ17: 0 | AR17: 0 | AS17: 0 | AT17: 0 | AU17: 0 | AV17: 0 | AW17: 0 | AX17: 0 | AY17: 0 | AZ17: 0 | BA17: 0 | BB17: 0 | BC17: 0 | BD17: 0 | BE17: 1 | BF17: 1 | BG17: 1 | BH17: 1 | BI17: 1 | BJ17: 0 | BK17: 0 | BL17: 0 | BM17: 0 | BN17: 0 | BO17: 0 | BP17: 0 | BQ17: 0 | BR17: 0
A18: East of England | B18: NT204 | C18: NUFFIELD HEALTH, BRENTWOOD HOSPITAL | D18: =MAX(E18:BR18) -> 0 | E18: 0 | F18: 0 | G18: 0 | H18: 0 | I18: 0 | J18: 0 | K18: 0 | L18: 0 | M18: 0 | N18: 0 | O18: 0 | P18: 0 | Q18: 0 | R18: 0 | S18: 0 | T18: 0 | U18: 0 | V18: 0 | W18: 0 | X18: 0 | Y18: 0 | Z18: 0 | AA18: 0 | AB18: 0 | AC18: 0 | AD18: 0 | AE18: 0 | AF18: 0 | AG18: 0 | AH18: 0 | AI18: 0 | AJ18: 0 | AK18: 0 | AL18: 0 | AM18: 0 | AN18: 0 | AO18: 0 | AP18: 0 | AQ18: 0 | AR18: 0 | AS18: 0 | AT18: 0 | AU18: 0 | AV18: 0 | AW18: 0 | AX18: 0 | AY18: 0 | AZ18: 0 | BA18: 0 | BB18: 0 | BC18: 0 | BD18: 0 | BE18: 0 | BF18: 0 | BG18: 0 | BH18: 0 | BI18: 0 | BJ18: 0 | BK18: 0 | BL18: 0 | BM18: 0 | BN18: 0 | BO18: 0 | BP18: 0 | BQ18: 0 | BR18: 0
A19: East of England | B19: NT209 | C19: NUFFIELD HEALTH, CAMBRIDGE HOSPITAL | D19: =MAX(E19:BR19) -> 0 | E19: 0 | F19: 0 | G19: 0 | H19: 0 | I19: 0 | J19: 0 | K19: 0 | L19: 0 | M19: 0 | N19: 0 | O19: 0 | P19: 0 | Q19: 0 | R19: 0 | S19: 0 | T19: 0 | U19: 0 | V19: 0 | W19: 0 | X19: 0 | Y19: 0 | Z19: 0 | AA19: 0 | AB19: 0 | AC19: 0 | AD19: 0 | AE19: 0 | AF19: 0 | AG19: 0 | AH19: 0 | AI19: 0 | AJ19: 0 | AK19: 0 | AL19: 0 | AM19: 0 | AN19: 0 | AO19: 0 | AP19: 0 | AQ19: 0 | AR19: 0 | AS19: 0 | AT19: 0 | AU19: 0 | AV19: 0 | AW19: 0 | AX19: 0 | AY19: 0 | AZ19: 0 | BA19: 0 | BB19: 0 | BC19: 0 | BD19: 0 | BE19: 0 | BF19: 0 | BG19: 0 | BH19: 0 | BI19: 0 | BJ19: 0 | BK19: 0 | BL19: 0 | BM19: 0 | BN19: 0 | BO19: 0 | BP19: 0 | BQ19: 0 | BR19: 0
... A489: South West | B489: RWV | C489: DEVON PARTNERSHIP NHS TRUST | D489: =MAX(E489:BR489) -> 0 | E489: 0 | F489: 0 | G489: 0 | H489: 0 | I489: 0 | J489: 0 | K489: 0 | L489: 0 | M489: 0 | N489: 0 | O489: 0 | P489: 0 | Q489: 0 | R489: 0 | S489: 0 | T489: 0 | U489: 0 | V489: 0 | W489: 0 | X489: 0 | Y489: 0 | Z489: 0 | AA489: 0 | AB489: 0 | AC489: 0 | AD489: 0 | AE489: 0 | AF489: 0 | AG489: 0 | AH489: 0 | AI489: 0 | AJ489: 0 | AK489: 0 | AL489: 0 | AM489: 0 | AN489: 0 | AO489: 0 | AP489: 0 | AQ489: 0 | AR489: 0 | AS489: 0 | AT489: 0 | AU489: 0 | AV489: 0 | AW489: 0 | AX489: 0 | AY489: 0 | AZ489: 0 | BA489: 0 | BB489: 0 | BC489: 0 | BD489: 0 | BE489: 0 | BF489: 0 | BG489: 0 | BH489: 0 | BI489: 0 | BJ489: 0 | BK489: 0 | BL489: 0 | BM489: 0 | BN489: 0 | BO489: 0 | BP489: 0 | BQ489: 0 | BR489: 0

Sheet New Adm Data (Mar to July)
B1: Code | C1: Name | D1: Total new covid admissions (19 March to 31st July) | E1: 43909 | F1: 43910 | G1: 43911 | H1: 43912 | I1: 43913 | J1: 43914 | K1: 43915 | L1: 43916 | M1: 43917 | N1: 43918 | O1: 43919 | P1: 43920 | Q1: 43921 | R1: 43922 | S1: 43923 | T1: 43924 | U1: 43925 | V1: 43926 | W1: 43927 | X1: 43928 | Y1: 43929 | Z1: 43930 | AA1: 43931 | AB1: 43932 | AC1: 43933 | AD1: 43934 | AE1: 43935 | AF1: 43936 | AG1: 43937 | AH1: 43938 | AI1: 43939 | AJ1: 43940 | AK1: 43941 | AL1: 43942 | AM1: 43943 | AN1: 43944 | AO1: 43945 | AP1: 43946 | AQ1: 43947 | AR1: 43948 | AS1: 43949 | AT1: 43950 | AU1: 43951 | AV1: 43952 | AW1: 43953 | AX1: 43954 | AY1: 43955 | AZ1: 43956 | BA1: 43957 | BB1: 43958 | BC1: 43959 | BD1: 43960 | BE1: 43961 | BF1: 43962 | BG1: 43963 | BH1: 43964 | BI1: 43965 | BJ1: 43966 | BK1: 43967 | BL1: 43968 | BM1: 43969 | BN1: 43970 | BO1: 43971 | BP1: 43972 | BQ1: 43973 | BR1: 43974 | BS1: 43975 | BT1: 43976 | BU1: 43977 | BV1: 43978 | BW1: 43979 | BX1: 43980 | BY1: 43981 | BZ1: 43982 | CA1: 43983 | CB1: 43984 | CC1: 43985 | CD1: 43986 | CE1: 43987 | CF1: 43988 | CG1: 43989 | CH1: 43990 | CI1: 43991 | CJ1: 43992 | CK1: 43993 | CL1: 43994 | CM1: 43995 | CN1: 43996 | CO1: 43997 | CP1: 43998 | CQ1: 43999 | CR1: 44000 | CS1: 44001 | CT1: 44002 | CU1: 44003 | CV1: 44004 | CW1: 44005 | CX1: 44006 | CY1: 44007 | CZ1: 44008 | DA1: 44009 | DB1: 44010 | DC1: 44011 | DD1: 44012 | DE1: 44013 | DF1: 44014 | DG1: 44015 | DH1: 44016 | DI1: 44017 | DJ1: 44018 | DK1: 44019 | DL1: 44020 | DM1: 44021 | DN1: 44022 | DO1: 44023 | DP1: 44024 | DQ1: 44025 | DR1: 44026 | DS1: 44027 | DT1: 44028 | DU1: 44029 | DV1: 44030 | DW1: 44031 | DX1: 44032 | DY1: 44033 | DZ1: 44034 | EA1: 44035 | EB1: 44036 | EC1: 44037 | ED1: 44038 | EE1: 44039 | EF1: 44040 | EG1: 44041 | EH1: 44042 | EI1: 44043
A2: East of England | B2: AND | C2: Baddow Hospital Ltd | D2: =SUM(E2:EI2) -> 0 | E2: 0 | F2: 0 | G2: 0 | H2: 0 | I2: 0 | J2: 0 | K2: 0 | L2: 0 | M2: 0 | N2: 0 | O2: 0 | P2: 0 | Q2: 0 | R2: 0 | S2: 0 | T2: 0 | U2: 0 | V2: 0 | W2: 0 | X2: 0 | Y2: 0 | Z2: 0 | AA2: 0 | AB2: 0 | AC2: 0 | AD2: 0 | AE2: 0 | AF2: 0 | AG2: 0 | AH2: 0 | AI2: 0 | AJ2: 0 | AK2: 0 | AL2: 0 | AM2: 0 | AN2: 0 | AO2: 0 | AP2: 0 | AQ2: 0 | AR2: 0 | AS2: 0 | AT2: 0 | AU2: 0 | AV2: 0 | AW2: 0 | AX2: 0 | AY2: 0 | AZ2: 0 | BA2: 0 | BB2: 0 | BC2: 0 | BD2: 0 | BE2: 0 | BF2: 0 | BG2: 0 | BH2: 0 | BI2: 0 | BJ2: 0 | BK2: 0 | BL2: 0 | BM2: 0 | BN2: 0 | BO2: 0 | BP2: 0 | BQ2: 0 | BR2: 0 | BS2: 0 | BT2: 0 | BU2: 0 | BV2: 0 | BW2: 0 | BX2: 0 | BY2: 0 | BZ2: 0 | CA2: 0 | CB2: 0 | CC2: 0 | CD2: 0 | CE2: 0 | CF2: 0 | CG2: 0 | CH2: 0 | CI2: 0 | CJ2: 0 | CK2: 0 | CL2: 0 | CM2: 0 | CN2: 0 | CO2: 0 | CP2: 0 | CQ2: 0 | CR2: 0 | CS2: 0 | CT2: 0 | CU2: 0 | CV2: 0 | CW2: 0 | CX2: 0 | CY2: 0 | CZ2: 0 | DA2: 0 | DB2: 0 | DC2: 0 | DD2: 0 | DE2: 0 | DF2: 0 | DG2: 0 | DH2: 0 | DI2: 0 | DJ2: 0 | DK2: 0 | DL2: 0 | DM2: 0 | DN2: 0 | DO2: 0 | DP2: 0 | DQ2: 0 | DR2: 0 | DS2: 0 | DT2: 0 | DU2: 0 | DV2: 0 | DW2: 0 | DX2: 0 | DY2: 0 | DZ2: 0 | EA2: 0 | EB2: 0 | EC2: 0 | ED2: 0 | EE2: 0 | EF2: 0 | EG2: 0 | EH2: 0 | EI2: 0
A3: East of England | B3: AVQ | C3: One Healthcare | D3: =SUM(E3:EI3) -> 0 | E3: 0 | F3: 0 | G3: 0 | H3: 0 | I3: 0 | J3: 0 | K3: 0 | L3: 0 | M3: 0 | N3: 0 | O3: 0 | P3: 0 | Q3: 0 | R3: 0 | S3: 0 | T3: 0 | U3: 0 | V3: 0 | W3: 0 | X3: 0 | Y3: 0 | Z3: 0 | AA3: 0 | AB3: 0 | AC3: 0 | AD3: 0 | AE3: 0 | AF3: 0 | AG3: 0 | AH3: 0 | AI3: 0 | AJ3: 0 | AK3: 0 | AL3: 0 | AM3: 0 | AN3: 0 | AO3: 0 | AP3: 0 | AQ3: 0 | AR3: 0 | AS3: 0 | AT3: 0 | AU3: 0 | AV3: 0 | AW3: 0 | AX3: 0 | AY3: 0 | AZ3: 0 | BA3: 0 | BB3: 0 | BC3: 0 | BD3: 0 | BE3: 0 | BF3: 0 | BG3: 0 | BH3: 0 | BI3: 0 | BJ3: 0 | BK3: 0 | BL3: 0 | BM3: 0 | BN3: 0 | BO3: 0 | BP3: 0 | BQ3: 0 | BR3: 0 | BS3: 0 | BT3: 0 | BU3: 0 | BV3: 0 | BW3: 0 | BX3: 0 | BY3: 0 | BZ3: 0 | CA3: 0 | CB3: 0 | CC3: 0 | CD3: 0 | CE3: 0 | CF3: 0 | CG3: 0 | CH3: 0 | CI3: 0 | CJ3: 0 | CK3: 0 | CL3: 0 | CM3: 0 | CN3: 0 | CO3: 0 | CP3: 0 | CQ3: 0 | CR3: 0 | CS3: 0 | CT3: 0 | CU3: 0 | CV3: 0 | CW3: 0 | CX3: 0 | CY3: 0 | CZ3: 0 | DA3: 0 | DB3: 0 | DC3: 0 | DD3: 0 | DE3: 0 | DF3: 0 | DG3: 0 | DH3: 0 | DI3: 0 | DJ3: 0 | DK3: 0 | DL3: 0 | DM3: 0 | DN3: 0 | DO3: 0 | DP3: 0 | DQ3: 0 | DR3: 0 | DS3: 0 | DT3: 0 | DU3: 0 | DV3: 0 | DW3: 0 | DX3: 0 | DY3: 0 | DZ3: 0 | EA3: 0 | EB3: 0 | EC3: 0 | ED3: 0 | EE3: 0 | EF3: 0 | EG3: 0 | EH3: 0 | EI3: 0
A4: East of England | B4: AWR | C4: One Stop Doctors Limited | D4: =SUM(E4:EI4) -> 0 | E4: 0 | F4: 0 | G4: 0 | H4: 0 | I4: 0 | J4: 0 | K4: 0 | L4: 0 | M4: 0 | N4: 0 | O4: 0 | P4: 0 | Q4: 0 | R4: 0 | S4: 0 | T4: 0 | U4: 0 | V4: 0 | W4: 0 | X4: 0 | Y4: 0 | Z4: 0 | AA4: 0 | AB4: 0 | AC4: 0 | AD4: 0 | AE4: 0 | AF4: 0 | AG4: 0 | AH4: 0 | AI4: 0 | AJ4: 0 | AK4: 0 | AL4: 0 | AM4: 0 | AN4: 0 | AO4: 0 | AP4: 0 | AQ4: 0 | AR4: 0 | AS4: 0 | AT4: 0 | AU4: 0 | AV4: 0 | AW4: 0 | AX4: 0 | AY4: 0 | AZ4: 0 | BA4: 0 | BB4: 0 | BC4: 0 | BD4: 0 | BE4: 0 | BF4: 0 | BG4: 0 | BH4: 0 | BI4: 0 | BJ4: 0 | BK4: 0 | BL4: 0 | BM4: 0 | BN4: 0 | BO4: 0 | BP4: 0 | BQ4: 0 | BR4: 0 | BS4: 0 | BT4: 0 | BU4: 0 | BV4: 0 | BW4: 0 | BX4: 0 | BY4: 0 | BZ4: 0 | CA4: 0 | CB4: 0 | CC4: 0 | CD4: 0 | CE4: 0 | CF4: 0 | CG4: 0 | CH4: 0 | CI4: 0 | CJ4: 0 | CK4: 0 | CL4: 0 | CM4: 0 | CN4: 0 | CO4: 0 | CP4: 0 | CQ4: 0 | CR4: 0 | CS4: 0 | CT4: 0 | CU4: 0 | CV4: 0 | CW4: 0 | CX4: 0 | CY4: 0 | CZ4: 0 | DA4: 0 | DB4: 0 | DC4: 0 | DD4: 0 | DE4: 0 | DF4: 0 | DG4: 0 | DH4: 0 | DI4: 0 | DJ4: 0 | DK4: 0 | DL4: 0 | DM4: 0 | DN4: 0 | DO4: 0 | DP4: 0 | DQ4: 0 | DR4: 0 | DS4: 0 | DT4: 0 | DU4: 0 | DV4: 0 | DW4: 0 | DX4: 0 | DY4: 0 | DZ4: 0 | EA4: 0 | EB4: 0 | EC4: 0 | ED4: 0 | EE4: 0 | EF4: 0 | EG4: 0 | EH4: 0 | EI4: 0
A5: East of England | B5: DE8 | C5: Elysium Healthcare | D5: =SUM(E5:EI5) -> 0 | E5: 0 | F5: 0 | G5: 0 | H5: 0 | I5: 0 | J5: 0 | K5: 0 | L5: 0 | M5: 0 | N5: 0 | O5: 0 | P5: 0 | Q5: 0 | R5: 0 | S5: 0 | T5: 0 | U5: 0 | V5: 0 | W5: 0 | X5: 0 | Y5: 0 | Z5: 0 | AA5: 0 | AB5: 0 | AC5: 0 | AD5: 0 | AE5: 0 | AF5: 0 | AG5: 0 | AH5: 0 | AI5: 0 | AJ5: 0 | AK5: 0 | AL5: 0 | AM5: 0 | AN5: 0 | AO5: 0 | AP5: 0 | AQ5: 0 | AR5: 0 | AS5: 0 | AT5: 0 | AU5: 0 | AV5: 0 | AW5: 0 | AX5: 0 | AY5: 0 | AZ5: 0 | BA5: 0 | BB5: 0 | BC5: 0 | BD5: 0 | BE5: 0 | BF5: 0 | BG5: 0 | BH5: 0 | BI5: 0 | BJ5: 0 | BK5: 0 | BL5: 0 | BM5: 0 | BN5: 0 | BO5: 0 | BP5: 0 | BQ5: 0 | BR5: 0 | BS5: 0 | BT5: 0 | BU5: 0 | BV5: 0 | BW5: 0 | BX5: 0 | BY5: 0 | BZ5: 0 | CA5: 0 | CB5: 0 | CC5: 0 | CD5: 0 | CE5: 0 | CF5: 0 | CG5: 0 | CH5: 0 | CI5: 0 | CJ5: 0 | CK5: 0 | CL5: 0 | CM5: 0 | CN5: 0 | CO5: 0 | CP5: 0 | CQ5: 0 | CR5: 0 | CS5: 0 | CT5: 0 | CU5: 0 | CV5: 0 | CW5: 0 | CX5: 0 | CY5: 0 | CZ5: 0 | DA5: 0 | DB5: 0 | DC5: 0 | DD5: 0 | DE5: 0 | DF5: 0 | DG5: 0 | DH5: 0 | DI5: 0 | DJ5: 0 | DK5: 0 | DL5: 0 | DM5: 0 | DN5: 0 | DO5: 0 | DP5: 0 | DQ5: 0 | DR5: 0 | DS5: 0 | DT5: 0 | DU5: 0 | DV5: 0 | DW5: 0 | DX5: 0 | DY5: 0 | DZ5: 0 | EA5: 0 | EB5: 0 | EC5: 0 | ED5: 0 | EE5: 0 | EF5: 0 | EG5: 0 | EH5: 0 | EI5: 0
A6: East of England | B6: NAX | C6: East Coast Community Healthcare C.I.C | D6: =SUM(E6:EI6) -> 7 | E6: 0 | F6: 0 | G6: 0 | H6: 0 | I6: 0 | J6: 0 | K6: 0 | L6: 0 | M6: 0 | N6: 0 | O6: 0 | P6: 0 | Q6: 0 | R6: 0 | S6: 0 | T6: 0 | U6: 0 | V6: 0 | W6: 1 | X6: 0 | Y6: 0 | Z6: 0 | AA6: 0 | AB6: 0 | AC6: 0 | AD6: 0 | AE6: 0 | AF6: 0 | AG6: 0 | AH6: 0 | AI6: 0 | AJ6: 0 | AK6: 0 | AL6: 0 | AM6: 0 | AN6: 0 | AO6: 0 | AP6: 0 | AQ6: 0 | AR6: 0 | AS6: 0 | AT6: 0 | AU6: 1 | AV6: 0 | AW6: 0 | AX6: 0 | AY6: 0 | AZ6: 0 | BA6: 0 | BB6: 0 | BC6: 0 | BD6: 0 | BE6: 0 | BF6: 0 | BG6: 0 | BH6: 2 | BI6: 0 | BJ6: 0 | BK6: 0 | BL6: 0 | BM6: 0 | BN6: 0 | BO6: 0 | BP6: 0 | BQ6: 0 | BR6: 0 | BS6: 0 | BT6: 0 | BU6: 0 | BV6: 0 | BW6: 0 | BX6: 0 | BY6: 0 | BZ6: 0 | CA6: 0 | CB6: 1 | CC6: 1 | CD6: 0 | CE6: 1 | CF6: 0 | CG6: 0 | CH6: 0 | CI6: 0 | CJ6: 0 | CK6: 0 | CL6: 0 | CM6: 0 | CN6: 0 | CO6: 0 | CP6: 0 | CQ6: 0 | CR6: 0 | CS6: 0 | CT6: 0 | CU6: 0 | CV6: 0 | CW6: 0 | CX6: 0 | CY6: 0 | CZ6: 0 | DA6: 0 | DB6: 0 | DC6: 0 | DD6: 0 | DE6: 0 | DF6: 0 | DG6: 0 | DH6: 0 | DI6: 0 | DJ6: 0 | DK6: 0 | DL6: 0 | DM6: 0 | DN6: 0 | DO6: 0 | DP6: 0 | DQ6: 0 | DR6: 0 | DS6: 0 | DT6: 0 | DU6: 0 | DV6: 0 | DW6: 0 | DX6: 0 | DY6: 0 | DZ6: 0 | EA6: 0 | EB6: 0 | EC6: 0 | ED6: 0 | EE6: 0 | EF6: 0 | EG6: 0 | EH6: 0 | EI6: 0
A7: East of England | B7: NLN | C7: Jeesal Akman Care Corporation Ltd | D7: =SUM(E7:EI7) -> 0 | E7: 0 | F7: 0 | G7: 0 | H7: 0 | I7: 0 | J7: 0 | K7: 0 | L7: 0 | M7: 0 | N7: 0 | O7: 0 | P7: 0 | Q7: 0 | R7: 0 | S7: 0 | T7: 0 | U7: 0 | V7: 0 | W7: 0 | X7: 0 | Y7: 0 | Z7: 0 | AA7: 0 | AB7: 0 | AC7: 0 | AD7: 0 | AE7: 0 | AF7: 0 | AG7: 0 | AH7: 0 | AI7: 0 | AJ7: 0 | AK7: 0 | AL7: 0 | AM7: 0 | AN7: 0 | AO7: 0 | AP7: 0 | AQ7: 0 | AR7: 0 | AS7: 0 | AT7: 0 | AU7: 0 | AV7: 0 | AW7: 0 | AX7: 0 | AY7: 0 | AZ7: 0 | BA7: 0 | BB7: 0 | BC7: 0 | BD7: 0 | BE7: 0 | BF7: 0 | BG7: 0 | BH7: 0 | BI7: 0 | BJ7: 0 | BK7: 0 | BL7: 0 | BM7: 0 | BN7: 0 | BO7: 0 | BP7: 0 | BQ7: 0 | BR7: 0 | BS7: 0 | BT7: 0 | BU7: 0 | BV7: 0 | BW7: 0 | BX7: 0 | BY7: 0 | BZ7: 0 | CA7: 0 | CB7: 0 | CC7: 0 | CD7: 0 | CE7: 0 | CF7: 0 | CG7: 0 | CH7: 0 | CI7: 0 | CJ7: 0 | CK7: 0 | CL7: 0 | CM7: 0 | CN7: 0 | CO7: 0 | CP7: 0 | CQ7: 0 | CR7: 0 | CS7: 0 | CT7: 0 | CU7: 0 | CV7: 0 | CW7: 0 | CX7: 0 | CY7: 0 | CZ7: 0 | DA7: 0 | DB7: 0 | DC7: 0 | DD7: 0 | DE7: 0 | DF7: 0 | DG7: 0 | DH7: 0 | DI7: 0 | DJ7: 0 | DK7: 0 | DL7: 0 | DM7: 0 | DN7: 0 | DO7: 0 | DP7: 0 | DQ7: 0 | DR7: 0 | DS7: 0 | DT7: 0 | DU7: 0 | DV7: 0 | DW7: 0 | DX7: 0 | DY7: 0 | DZ7: 0 | EA7: 0 | EB7: 0 | EC7: 0 | ED7: 0 | EE7: 0 | EF7: 0 | EG7: 0 | EH7: 0 | EI7: 0
A8: East of England | B8: NMJ | C8: Cygnet Health Care Limited | D8: =SUM(E8:EI8) -> 0 | E8: 0 | F8: 0 | G8: 0 | H8: 0 | I8: 0 | J8: 0 | K8: 0 | L8: 0 | M8: 0 | N8: 0 | O8: 0 | P8: 0 | Q8: 0 | R8: 0 | S8: 0 | T8: 0 | U8: 0 | V8: 0 | W8: 0 | X8: 0 | Y8: 0 | Z8: 0 | AA8: 0 | AB8: 0 | AC8: 0 | AD8: 0 | AE8: 0 | AF8: 0 | AG8: 0 | AH8: 0 | AI8: 0 | AJ8: 0 | AK8: 0 | AL8: 0 | AM8: 0 | AN8: 0 | AO8: 0 | AP8: 0 | AQ8: 0 | AR8: 0 | AS8: 0 | AT8: 0 | AU8: 0 | AV8: 0 | AW8: 0 | AX8: 0 | AY8: 0 | AZ8: 0 | BA8: 0 | BB8: 0 | BC8: 0 | BD8: 0 | BE8: 0 | BF8: 0 | BG8: 0 | BH8: 0 | BI8: 0 | BJ8: 0 | BK8: 0 | BL8: 0 | BM8: 0 | BN8: 0 | BO8: 0 | BP8: 0 | BQ8: 0 | BR8: 0 | BS8: 0 | BT8: 0 | BU8: 0 | BV8: 0 | BW8: 0 | BX8: 0 | BY8: 0 | BZ8: 0 | CA8: 0 | CB8: 0 | CC8: 0 | CD8: 0 | CE8: 0 | CF8: 0 | CG8: 0 | CH8: 0 | CI8: 0 | CJ8: 0 | CK8: 0 | CL8: 0 | CM8: 0 | CN8: 0 | CO8: 0 | CP8: 0 | CQ8: 0 | CR8: 0 | CS8: 0 | CT8: 0 | CU8: 0 | CV8: 0 | CW8: 0 | CX8: 0 | CY8: 0 | CZ8: 0 | DA8: 0 | DB8: 0 | DC8: 0 | DD8: 0 | DE8: 0 | DF8: 0 | DG8: 0 | DH8: 0 | DI8: 0 | DJ8: 0 | DK8: 0 | DL8: 0 | DM8: 0 | DN8: 0 | DO8: 0 | DP8: 0 | DQ8: 0 | DR8: 0 | DS8: 0 | DT8: 0 | DU8: 0 | DV8: 0 | DW8: 0 | DX8: 0 | DY8: 0 | DZ8: 0 | EA8: 0 | EB8: 0 | EC8: 0 | ED8: 0 | EE8: 0 | EF8: 0 | EG8: 0 | EH8: 0 | EI8: 0
A9: East of England | B9: NQ1 | C9: Anglian Community Enterprise Community Interest Company (Ace Cic) | D9: =SUM(E9:EI9) -> 54 | E9: 0 | F9: 0 | G9: 0 | H9: 0 | I9: 0 | J9: 0 | K9: 0 | L9: 0 | M9: 0 | N9: 0 | O9: 0 | P9: 0 | Q9: 0 | R9: 0 | S9: 0 | T9: 0 | U9: 0 | V9: 0 | W9: 0 | X9: 0 | Y9: 0 | Z9: 0 | AA9: 2 | AB9: 1 | AC9: 0 | AD9: 1 | AE9: 2 | AF9: 2 | AG9: 2 | AH9: 0 | AI9: 0 | AJ9: 0 | AK9: 0 | AL9: 0 | AM9: 1 | AN9: 0 | AO9: 2 | AP9: 0 | AQ9: 1 | AR9: 0 | AS9: 0 | AT9: 2 | AU9: 2 | AV9: 0 | AW9: 0 | AX9: 1 | AY9: 0 | AZ9: 1 | BA9: 2 | BB9: 1 | BC9: 1 | BD9: 1 | BE9: 0 | BF9: 2 | BG9: 1 | BH9: 1 | BI9: 1 | BJ9: 1 | BK9: 1 | BL9: 1 | BM9: 0 | BN9: 3 | BO9: 2 | BP9: 0 | BQ9: 0 | BR9: 1 | BS9: 0 | BT9: 1 | BU9: 1 | BV9: 1 | BW9: 0 | BX9: 1 | BY9: 0 | BZ9: 2 | CA9: 1 | CB9: 1 | CC9: 0 | CD9: 0 | CE9: 0 | CF9: 0 | CG9: 0 | CH9: 0 | CI9: 0 | CJ9: 1 | CK9: 1 | CL9: 2 | CM9: 0 | CN9: 0 | CO9: 0 | CP9: 0 | CQ9: 0 | CR9: 0 | CS9: 0 | CT9: 0 | CU9: 0 | CV9: 0 | CW9: 0 | CX9: 0 | CY9: 0 | CZ9: 0 | DA9: 0 | DB9: 0 | DC9: 0 | DD9: 0 | DE9: 0 | DF9: 0 | DG9: 0 | DH9: 0 | DI9: 0 | DJ9: 0 | DK9: 0 | DL9: 0 | DM9: 0 | DN9: 0 | DO9: 0 | DP9: 0 | DQ9: 0 | DR9: 1 | DS9: 0 | DT9: 0 | DU9: 1 | DV9: 1 | DW9: 0 | DX9: 0 | DY9: 0 | DZ9: 0 | EA9: 0 | EB9: 0 | EC9: 0 | ED9: 0 | EE9: 0 | EF9: 0 | EG9: 0 | EH9: 0 | EI9: 0
A10: East of England | B10: NQA | C10: Provide | D10: =SUM(E10:EI10) -> 23 | E10: 0 | F10: 0 | G10: 0 | H10: 0 | I10: 0 | J10: 0 | K10: 0 | L10: 0 | M10: 0 | N10: 0 | O10: 0 | P10: 0 | Q10: 0 | R10: 0 | S10: 0 | T10: 0 | U10: 0 | V10: 0 | W10: 0 | X10: 0 | Y10: 3 | Z10: 2 | AA10: 1 | AB10: 1 | AC10: 1 | AD10: 1 | AE10: 2 | AF10: 1 | AG10: 1 | AH10: 2 | AI10: 0 | AJ10: 1 | AK10: 0 | AL10: 0 | AM10: 0 | AN10: 1 | AO10: 0 | AP10: 0 | AQ10: 0 | AR10: 0 | AS10: 3 | AT10: 3 | AU10: 0 | AV10: 0 | AW10: 0 | AX10: 0 | AY10: 0 | AZ10: 0 | BA10: 0 | BB10: 0 | BC10: 0 | BD10: 0 | BE10: 0 | BF10: 0 | BG10: 0 | BH10: 0 | BI10: 0 | BJ10: 0 | BK10: 0 | BL10: 0 | BM10: 0 | BN10: 0 | BO10: 0 | BP10: 0 | BQ10: 0 | BR10: 0 | BS10: 0 | BT10: 0 | BU10: 0 | BV10: 0 | BW10: 0 | BX10: 0 | BY10: 0 | BZ10: 0 | CA10: 0 | CB10: 0 | CC10: 0 | CD10: 0 | CE10: 0 | CF10: 0 | CG10: 0 | CH10: 0 | CI10: 0 | CJ10: 0 | CK10: 0 | CL10: 0 | CM10: 0 | CN10: 0 | CO10: 0 | CP10: 0 | CQ10: 0 | CR10: 0 | CS10: 0 | CT10: 0 | CU10: 0 | CV10: 0 | CW10: 0 | CX10: 0 | CY10: 0 | CZ10: 0 | DA10: 0 | DB10: 0 | DC10: 0 | DD10: 0 | DE10: 0 | DF10: 0 | DG10: 0 | DH10: 0 | DI10: 0 | DJ10: 0 | DK10: 0 | DL10: 0 | DM10: 0 | DN10: 0 | DO10: 0 | DP10: 0 | DQ10: 0 | DR10: 0 | DS10: 0 | DT10: 0 | DU10: 0 | DV10: 0 | DW10: 0 | DX10: 0 | DY10: 0 | DZ10: 0 | EA10: 0 | EB10: 0 | EC10: 0 | ED10: 0 | EE10: 0 | EF10: 0 | EG10: 0 | EH10: 0 | EI10: 0
A11: East of England | B11: NT2 | C11: Nuffield Health | D11: =SUM(E11:EI11) -> 0 | E11: 0 | F11: 0 | G11: 0 | H11: 0 | I11: 0 | J11: 0 | K11: 0 | L11: 0 | M11: 0 | N11: 0 | O11: 0 | P11: 0 | Q11: 0 | R11: 0 | S11: 0 | T11: 0 | U11: 0 | V11: 0 | W11: 0 | X11: 0 | Y11: 0 | Z11: 0 | AA11: 0 | AB11: 0 | AC11: 0 | AD11: 0 | AE11: 0 | AF11: 0 | AG11: 0 | AH11: 0 | AI11: 0 | AJ11: 0 | AK11: 0 | AL11: 0 | AM11: 0 | AN11: 0 | AO11: 0 | AP11: 0 | AQ11: 0 | AR11: 0 | AS11: 0 | AT11: 0 | AU11: 0 | AV11: 0 | AW11: 0 | AX11: 0 | AY11: 0 | AZ11: 0 | BA11: 0 | BB11: 0 | BC11: 0 | BD11: 0 | BE11: 0 | BF11: 0 | BG11: 0 | BH11: 0 | BI11: 0 | BJ11: 0 | BK11: 0 | BL11: 0 | BM11: 0 | BN11: 0 | BO11: 0 | BP11: 0 | BQ11: 0 | BR11: 0 | BS11: 0 | BT11: 0 | BU11: 0 | BV11: 0 | BW11: 0 | BX11: 0 | BY11: 0 | BZ11: 0 | CA11: 0 | CB11: 0 | CC11: 0 | CD11: 0 | CE11: 0 | CF11: 0 | CG11: 0 | CH11: 0 | CI11: 0 | CJ11: 0 | CK11: 0 | CL11: 0 | CM11: 0 | CN11: 0 | CO11: 0 | CP11: 0 | CQ11: 0 | CR11: 0 | CS11: 0 | CT11: 0 | CU11: 0 | CV11: 0 | CW11: 0 | CX11: 0 | CY11: 0 | CZ11: 0 | DA11: 0 | DB11: 0 | DC11: 0 | DD11: 0 | DE11: 0 | DF11: 0 | DG11: 0 | DH11: 0 | DI11: 0 | DJ11: 0 | DK11: 0 | DL11: 0 | DM11: 0 | DN11: 0 | DO11: 0 | DP11: 0 | DQ11: 0 | DR11: 0 | DS11: 0 | DT11: 0 | DU11: 0 | DV11: 0 | DW11: 0 | DX11: 0 | DY11: 0 | DZ11: 0 | EA11: 0 | EB11: 0 | EC11: 0 | ED11: 0 | EE11: 0 | EF11: 0 | EG11: 0 | EH11: 0 | EI11: 0
A12: East of England | B12: NT3 | C12: Spire Healthcare | D12: =SUM(E12:EI12) -> 0 | E12: 0 | F12: 0 | G12: 0 | H12: 0 | I12: 0 | J12: 0 | K12: 0 | L12: 0 | M12: 0 | N12: 0 | O12: 0 | P12: 0 | Q12: 0 | R12: 0 | S12: 0 | T12: 0 | U12: 0 | V12: 0 | W12: 0 | X12: 0 | Y12: 0 | Z12: 0 | AA12: 0 | AB12: 0 | AC12: 0 | AD12: 0 | AE12: 0 | AF12: 0 | AG12: 0 | AH12: 0 | AI12: 0 | AJ12: 0 | AK12: 0 | AL12: 0 | AM12: 0 | AN12: 0 | AO12: 0 | AP12: 0 | AQ12: 0 | AR12: 0 | AS12: 0 | AT12: 0 | AU12: 0 | AV12: 0 | AW12: 0 | AX12: 0 | AY12: 0 | AZ12: 0 | BA12: 0 | BB12: 0 | BC12: 0 | BD12: 0 | BE12: 0 | BF12: 0 | BG12: 0 | BH12: 0 | BI12: 0 | BJ12: 0 | BK12: 0 | BL12: 0 | BM12: 0 | BN12: 0 | BO12: 0 | BP12: 0 | BQ12: 0 | BR12: 0 | BS12: 0 | BT12: 0 | BU12: 0 | BV12: 0 | BW12: 0 | BX12: 0 | BY12: 0 | BZ12: 0 | CA12: 0 | CB12: 0 | CC12: 0 | CD12: 0 | CE12: 0 | CF12: 0 | CG12: 0 | CH12: 0 | CI12: 0 | CJ12: 0 | CK12: 0 | CL12: 0 | CM12: 0 | CN12: 0 | CO12: 0 | CP12: 0 | CQ12: 0 | CR12: 0 | CS12: 0 | CT12: 0 | CU12: 0 | CV12: 0 | CW12: 0 | CX12: 0 | CY12: 0 | CZ12: 0 | DA12: 0 | DB12: 0 | DC12: 0 | DD12: 0 | DE12: 0 | DF12: 0 | DG12: 0 | DH12: 0 | DI12: 0 | DJ12: 0 | DK12: 0 | DL12: 0 | DM12: 0 | DN12: 0 | DO12: 0 | DP12: 0 | DQ12: 0 | DR12: 0 | DS12: 0 | DT12: 0 | DU12: 0 | DV12: 0 | DW12: 0 | DX12: 0 | DY12: 0 | DZ12: 0 | EA12: 0 | EB12: 0 | EC12: 0 | ED12: 0 | EE12: 0 | EF12: 0 | EG12: 0 | EH12: 0 | EI12: 0
A13: East of England | B13: NT4 | C13: Bmi Healthcare | D13: =SUM(E13:EI13) -> 0 | E13: 0 | F13: 0 | G13: 0 | H13: 0 | I13: 0 | J13: 0 | K13: 0 | L13: 0 | M13: 0 | N13: 0 | O13: 0 | P13: 0 | Q13: 0 | R13: 0 | S13: 0 | T13: 0 | U13: 0 | V13: 0 | W13: 0 | X13: 0 | Y13: 0 | Z13: 0 | AA13: 0 | AB13: 0 | AC13: 0 | AD13: 0 | AE13: 0 | AF13: 0 | AG13: 0 | AH13: 0 | AI13: 0 | AJ13: 0 | AK13: 0 | AL13: 0 | AM13: 0 | AN13: 0 | AO13: 0 | AP13: 0 | AQ13: 0 | AR13: 0 | AS13: 0 | AT13: 0 | AU13: 0 | AV13: 0 | AW13: 0 | AX13: 0 | AY13: 0 | AZ13: 0 | BA13: 0 | BB13: 0 | BC13: 0 | BD13: 0 | BE13: 0 | BF13: 0 | BG13: 0 | BH13: 0 | BI13: 0 | BJ13: 0 | BK13: 0 | BL13: 0 | BM13: 0 | BN13: 0 | BO13: 0 | BP13: 0 | BQ13: 0 | BR13: 0 | BS13: 0 | BT13: 0 | BU13: 0 | BV13: 0 | BW13: 0 | BX13: 0 | BY13: 0 | BZ13: 0 | CA13: 0 | CB13: 0 | CC13: 0 | CD13: 0 | CE13: 0 | CF13: 0 | CG13: 0 | CH13: 0 | CI13: 0 | CJ13: 0 | CK13: 0 | CL13: 0 | CM13: 0 | CN13: 0 | CO13: 0 | CP13: 0 | CQ13: 0 | CR13: 0 | CS13: 0 | CT13: 0 | CU13: 0 | CV13: 0 | CW13: 0 | CX13: 0 | CY13: 0 | CZ13: 0 | DA13: 0 | DB13: 0 | DC13: 0 | DD13: 0 | DE13: 0 | DF13: 0 | DG13: 0 | DH13: 0 | DI13: 0 | DJ13: 0 | DK13: 0 | DL13: 0 | DM13: 0 | DN13: 0 | DO13: 0 | DP13: 0 | DQ13: 0 | DR13: 0 | DS13: 0 | DT13: 0 | DU13: 0 | DV13: 0 | DW13: 0 | DX13: 0 | DY13: 0 | DZ13: 0 | EA13: 0 | EB13: 0 | EC13: 0 | ED13: 0 | EE13: 0 | EF13: 0 | EG13: 0 | EH13: 0 | EI13: 0
... A315: South West | B315: RWV | C315: Devon Partnership NHS Trust | D315: =SUM(E315:EI315) -> 0 | E315: 0 | F315: 0 | G315: 0 | H315: 0 | I315: 0 | J315: 0 | K315: 0 | L315: 0 | M315: 0 | N315: 0 | O315: 0 | P315: 0 | Q315: 0 | R315: 0 | S315: 0 | T315: 0 | U315: 0 | V315: 0 | W315: 0 | X315: 0 | Y315: 0 | Z315: 0 | AA315: 0 | AB315: 0 | AC315: 0 | AD315: 0 | AE315: 0 | AF315: 0 | AG315: 0 | AH315: 0 | AI315: 0 | AJ315: 0 | AK315: 0 | AL315: 0 | AM315: 0 | AN315: 0 | AO315: 0 | AP315: 0 | AQ315: 0 | AR315: 0 | AS315: 0 | AT315: 0 | AU315: 0 | AV315: 0 | AW315: 0 | AX315: 0 | AY315: 0 | AZ315: 0 | BA315: 0 | BB315: 0 | BC315: 0 | BD315: 0 | BE315: 0 | BF315: 0 | BG315: 0 | BH315: 0 | BI315: 0 | BJ315: 0 | BK315: 0 | BL315: 0 | BM315: 0 | BN315: 0 | BO315: 0 | BP315: 0 | BQ315: 0 | BR315: 0 | BS315: 0 | BT315: 0 | BU315: 0 | BV315: 0 | BW315: 0 | BX315: 0 | BY315: 0 | BZ315: 0 | CA315: 0 | CB315: 0 | CC315: 0 | CD315: 0 | CE315: 0 | CF315: 0 | CG315: 0 | CH315: 0 | CI315: 0 | CJ315: 0 | CK315: 0 | CL315: 0 | CM315: 0 | CN315: 0 | CO315: 0 | CP315: 0 | CQ315: 0 | CR315: 0 | CS315: 0 | CT315: 0 | CU315: 0 | CV315: 0 | CW315: 0 | CX315: 0 | CY315: 0 | CZ315: 0 | DA315: 0 | DB315: 0 | DC315: 0 | DD315: 0 | DE315: 0 | DF315: 0 | DG315: 0 | DH315: 0 | DI315: 0 | DJ315: 0 | DK315: 0 | DL315: 0 | DM315: 0 | DN315: 0 | DO315: 0 | DP315: 0 | DQ315: 0 | DR315: 0 | DS315: 0 | DT315: 0 | DU315: 0 | DV315: 0 | DW315: 0 | DX315: 0 | DY315: 0 | DZ315: 0 | EA315: 0 | EB315: 0 | EC315: 0 | ED315: 0 | EE315: 0 | EF315: 0 | EG315: 0 | EH315: 0 | EI315: 0

Sheet New Adm Data (Aug to Nov)
A1: NHS England Region | B1: Code | C1: Name | D1: Total new covid admissions (1st Aug to 1st Nov) | E1: 44044 | F1: 44045 | G1: 44046 | H1: 44047 | I1: 44048 | J1: 44049 | K1: 44050 | L1: 44051 | M1: 44052 | N1: 44053 | O1: 44054 | P1: 44055 | Q1: 44056 | R1: 44057 | S1: 44058 | T1: 44059 | U1: 44060 | V1: 44061 | W1: 44062 | X1: 44063 | Y1: 44064 | Z1: 44065 | AA1: 44066 | AB1: 44067 | AC1: 44068 | AD1: 44069 | AE1: 44070 | AF1: 44071 | AG1: 44072 | AH1: 44073 | AI1: 44074 | AJ1: 44075 | AK1: 44076 | AL1: 44077 | AM1: 44078 | AN1: 44079 | AO1: 44080 | AP1: 44081 | AQ1: 44082 | AR1: 44083 | AS1: 44084 | AT1: 44085 | AU1: 44086 | AV1: 44087 | AW1: 44088 | AX1: 44089 | AY1: 44090 | AZ1: 44091 | BA1: 44092 | BB1: 44093 | BC1: 44094 | BD1: 44095 | BE1: 44096 | BF1: 44097 | BG1: 44098 | BH1: 44099 | BI1: 44100 | BJ1: 44101 | BK1: 44102 | BL1: 44103 | BM1: 44104 | BN1: 44105 | BO1: 44106 | BP1: 44107 | BQ1: 44108 | BR1: 44109 | BS1: 44110 | BT1: 44111 | BU1: 44112 | BV1: 44113 | BW1: 44114 | BX1: 44115 | BY1: 44116 | BZ1: 44117 | CA1: 44118 | CB1: 44119 | CC1: 44120 | CD1: 44121 | CE1: 44122 | CF1: 44123 | CG1: 44124 | CH1: 44125 | CI1: 44126 | CJ1: 44127 | CK1: 44128 | CL1: 44129 | CM1: 44130 | CN1: 44131 | CO1: 44132 | CP1: 44133 | CQ1: 44134 | CR1: 44135 | CS1: 44136
A2: East of England | B2: AND01 | C2: BADDOW HOSPITAL | D2: =SUM(E2:CS2) -> 0 | E2: 0 | F2: 0 | G2: 0 | H2: 0 | I2: 0 | J2: 0 | K2: 0 | L2: 0 | M2: 0 | N2: 0 | O2: 0 | P2: 0 | Q2: 0 | R2: 0 | S2: 0 | T2: 0 | U2: 0 | V2: 0 | W2: 0 | X2: 0 | Y2: 0 | Z2: 0 | AA2: 0 | AB2: 0 | AC2: 0 | AD2: 0 | AE2: 0 | AF2: 0 | AG2: 0 | AH2: 0 | AI2: 0 | AJ2: 0 | AK2: 0 | AL2: 0 | AM2: 0 | AN2: 0 | AO2: 0 | AP2: 0 | AQ2: 0 | AR2: 0 | AS2: 0 | AT2: 0 | AU2: 0 | AV2: 0 | AW2: 0 | AX2: 0 | AY2: 0 | AZ2: 0 | BA2: 0 | BB2: 0 | BC2: 0 | BD2: 0 | BE2: 0 | BF2: 0 | BG2: 0 | BH2: 0 | BI2: 0 | BJ2: 0 | BK2: 0 | BL2: 0 | BM2: 0 | BN2: 0 | BO2: 0 | BP2: 0 | BQ2: 0 | BR2: 0 | BS2: 0 | BT2: 0 | BU2: 0 | BV2: 0 | BW2: 0 | BX2: 0 | BY2: 0 | BZ2: 0 | CA2: 0 | CB2: 0 | CC2: 0 | CD2: 0 | CE2: 0 | CF2: 0 | CG2: 0 | CH2: 0 | CI2: 0 | CJ2: 0 | CK2: 0 | CL2: 0 | CM2: 0 | CN2: 0 | CO2: 0 | CP2: 0 | CQ2: 0 | CR2: 0 | CS2: 0
A3: East of England | B3: AVQ03 | C3: ONE HATFIELD HOSPITAL | D3: =SUM(E3:CS3) -> 0 | E3: 0 | F3: 0 | G3: 0 | H3: 0 | I3: 0 | J3: 0 | K3: 0 | L3: 0 | M3: 0 | N3: 0 | O3: 0 | P3: 0 | Q3: 0 | R3: 0 | S3: 0 | T3: 0 | U3: 0 | V3: 0 | W3: 0 | X3: 0 | Y3: 0 | Z3: 0 | AA3: 0 | AB3: 0 | AC3: 0 | AD3: 0 | AE3: 0 | AF3: 0 | AG3: 0 | AH3: 0 | AI3: 0 | AJ3: 0 | AK3: 0 | AL3: 0 | AM3: 0 | AN3: 0 | AO3: 0 | AP3: 0 | AQ3: 0 | AR3: 0 | AS3: 0 | AT3: 0 | AU3: 0 | AV3: 0 | AW3: 0 | AX3: 0 | AY3: 0 | AZ3: 0 | BA3: 0 | BB3: 0 | BC3: 0 | BD3: 0 | BE3: 0 | BF3: 0 | BG3: 0 | BH3: 0 | BI3: 0 | BJ3: 0 | BK3: 0 | BL3: 0 | BM3: 0 | BN3: 0 | BO3: 0 | BP3: 0 | BQ3: 0 | BR3: 0 | BS3: 0 | BT3: 0 | BU3: 0 | BV3: 0 | BW3: 0 | BX3: 0 | BY3: 0 | BZ3: 0 | CA3: 0 | CB3: 0 | CC3: 0 | CD3: 0 | CE3: 0 | CF3: 0 | CG3: 0 | CH3: 0 | CI3: 0 | CJ3: 0 | CK3: 0 | CL3: 0 | CM3: 0 | CN3: 0 | CO3: 0 | CP3: 0 | CQ3: 0 | CR3: 0 | CS3: 0
A4: East of England | B4: AWR01 | C4: ONE STOP DOCTORS LTD (ONE MEDICAL HOUSE) | D4: =SUM(E4:CS4) -> 0 | E4: 0 | F4: 0 | G4: 0 | H4: 0 | I4: 0 | J4: 0 | K4: 0 | L4: 0 | M4: 0 | N4: 0 | O4: 0 | P4: 0 | Q4: 0 | R4: 0 | S4: 0 | T4: 0 | U4: 0 | V4: 0 | W4: 0 | X4: 0 | Y4: 0 | Z4: 0 | AA4: 0 | AB4: 0 | AC4: 0 | AD4: 0 | AE4: 0 | AF4: 0 | AG4: 0 | AH4: 0 | AI4: 0 | AJ4: 0 | AK4: 0 | AL4: 0 | AM4: 0 | AN4: 0 | AO4: 0 | AP4: 0 | AQ4: 0 | AR4: 0 | AS4: 0 | AT4: 0 | AU4: 0 | AV4: 0 | AW4: 0 | AX4: 0 | AY4: 0 | AZ4: 0 | BA4: 0 | BB4: 0 | BC4: 0 | BD4: 0 | BE4: 0 | BF4: 0 | BG4: 0 | BH4: 0 | BI4: 0 | BJ4: 0 | BK4: 0 | BL4: 0 | BM4: 0 | BN4: 0 | BO4: 0 | BP4: 0 | BQ4: 0 | BR4: 0 | BS4: 0 | BT4: 0 | BU4: 0 | BV4: 0 | BW4: 0 | BX4: 0 | BY4: 0 | BZ4: 0 | CA4: 0 | CB4: 0 | CC4: 0 | CD4: 0 | CE4: 0 | CF4: 0 | CG4: 0 | CH4: 0 | CI4: 0 | CJ4: 0 | CK4: 0 | CL4: 0 | CM4: 0 | CN4: 0 | CO4: 0 | CP4: 0 | CQ4: 0 | CR4: 0 | CS4: 0
A5: East of England | B5: DE8 | C5: ELYSIUM HEALTHCARE | D5: =SUM(E5:CS5) -> 0 | E5: 0 | F5: 0 | G5: 0 | H5: 0 | I5: 0 | J5: 0 | K5: 0 | L5: 0 | M5: 0 | N5: 0 | O5: 0 | P5: 0 | Q5: 0 | R5: 0 | S5: 0 | T5: 0 | U5: 0 | V5: 0 | W5: 0 | X5: 0 | Y5: 0 | Z5: 0 | AA5: 0 | AB5: 0 | AC5: 0 | AD5: 0 | AE5: 0 | AF5: 0 | AG5: 0 | AH5: 0 | AI5: 0 | AJ5: 0 | AK5: 0 | AL5: 0 | AM5: 0 | AN5: 0 | AO5: 0 | AP5: 0 | AQ5: 0 | AR5: 0 | AS5: 0 | AT5: 0 | AU5: 0 | AV5: 0 | AW5: 0 | AX5: 0 | AY5: 0 | AZ5: 0 | BA5: 0 | BB5: 0 | BC5: 0 | BD5: 0 | BE5: 0 | BF5: 0 | BG5: 0 | BH5: 0 | BI5: 0 | BJ5: 0 | BK5: 0 | BL5: 0 | BM5: 0 | BN5: 0 | BO5: 0 | BP5: 0 | BQ5: 0 | BR5: 0 | BS5: 0 | BT5: 0 | BU5: 0 | BV5: 0 | BW5: 0 | BX5: 0 | BY5: 0 | BZ5: 0 | CA5: 0 | CB5: 0 | CC5: 0 | CD5: 0 | CE5: 0 | CF5: 0 | CG5: 0 | CH5: 0 | CI5: 0 | CJ5: 0 | CK5: 0 | CL5: 0 | CM5: 0 | CN5: 0 | CO5: 0 | CP5: 0 | CQ5: 0 | CR5: 0 | CS5: 0
A6: East of England | B6: DE810 | C6: CHADWICK LODGE | D6: =SUM(E6:CS6) -> 0 | E6: 0 | F6: 0 | G6: 0 | H6: 0 | I6: 0 | J6: 0 | K6: 0 | L6: 0 | M6: 0 | N6: 0 | O6: 0 | P6: 0 | Q6: 0 | R6: 0 | S6: 0 | T6: 0 | U6: 0 | V6: 0 | W6: 0 | X6: 0 | Y6: 0 | Z6: 0 | AA6: 0 | AB6: 0 | AC6: 0 | AD6: 0 | AE6: 0 | AF6: 0 | AG6: 0 | AH6: 0 | AI6: 0 | AJ6: 0 | AK6: 0 | AL6: 0 | AM6: 0 | AN6: 0 | AO6: 0 | AP6: 0 | AQ6: 0 | AR6: 0 | AS6: 0 | AT6: 0 | AU6: 0 | AV6: 0 | AW6: 0 | AX6: 0 | AY6: 0 | AZ6: 0 | BA6: 0 | BB6: 0 | BC6: 0 | BD6: 0 | BE6: 0 | BF6: 0 | BG6: 0 | BH6: 0 | BI6: 0 | BJ6: 0 | BK6: 0 | BL6: 0 | BM6: 0 | BN6: 0 | BO6: 0 | BP6: 0 | BQ6: 0 | BR6: 0 | BS6: 0 | BT6: 0 | BU6: 0 | BV6: 0 | BW6: 0 | BX6: 0 | BY6: 0 | BZ6: 0 | CA6: 0 | CB6: 0 | CC6: 0 | CD6: 0 | CE6: 0 | CF6: 0 | CG6: 0 | CH6: 0 | CI6: 0 | CJ6: 0 | CK6: 0 | CL6: 0 | CM6: 0 | CN6: 0 | CO6: 0 | CP6: 0 | CQ6: 0 | CR6: 0 | CS6: 0
A7: East of England | B7: DE816 | C7: POTTERS BAR | D7: =SUM(E7:CS7) -> 0 | E7: 0 | F7: 0 | G7: 0 | H7: 0 | I7: 0 | J7: 0 | K7: 0 | L7: 0 | M7: 0 | N7: 0 | O7: 0 | P7: 0 | Q7: 0 | R7: 0 | S7: 0 | T7: 0 | U7: 0 | V7: 0 | W7: 0 | X7: 0 | Y7: 0 | Z7: 0 | AA7: 0 | AB7: 0 | AC7: 0 | AD7: 0 | AE7: 0 | AF7: 0 | AG7: 0 | AH7: 0 | AI7: 0 | AJ7: 0 | AK7: 0 | AL7: 0 | AM7: 0 | AN7: 0 | AO7: 0 | AP7: 0 | AQ7: 0 | AR7: 0 | AS7: 0 | AT7: 0 | AU7: 0 | AV7: 0 | AW7: 0 | AX7: 0 | AY7: 0 | AZ7: 0 | BA7: 0 | BB7: 0 | BC7: 0 | BD7: 0 | BE7: 0 | BF7: 0 | BG7: 0 | BH7: 0 | BI7: 0 | BJ7: 0 | BK7: 0 | BL7: 0 | BM7: 0 | BN7: 0 | BO7: 0 | BP7: 0 | BQ7: 0 | BR7: 0 | BS7: 0 | BT7: 0 | BU7: 0 | BV7: 0 | BW7: 0 | BX7: 0 | BY7: 0 | BZ7: 0 | CA7: 0 | CB7: 0 | CC7: 0 | CD7: 0 | CE7: 0 | CF7: 0 | CG7: 0 | CH7: 0 | CI7: 0 | CJ7: 0 | CK7: 0 | CL7: 0 | CM7: 0 | CN7: 0 | CO7: 0 | CP7: 0 | CQ7: 0 | CR7: 0 | CS7: 0
A8: East of England | B8: NAX | C8: EAST COAST COMMUNITY HEALTHCARE C.I.C | D8: =SUM(E8:CS8) -> 0 | E8: 0 | F8: 0 | G8: 0 | H8: 0 | I8: 0 | J8: 0 | K8: 0 | L8: 0 | M8: 0 | N8: 0 | O8: 0 | P8: 0 | Q8: 0 | R8: 0 | S8: 0 | T8: 0 | U8: 0 | V8: 0 | W8: 0 | X8: 0 | Y8: 0 | Z8: 0 | AA8: 0 | AB8: 0 | AC8: 0 | AD8: 0 | AE8: 0 | AF8: 0 | AG8: 0 | AH8: 0 | AI8: 0 | AJ8: 0 | AK8: 0 | AL8: 0 | AM8: 0 | AN8: 0 | AO8: 0 | AP8: 0 | AQ8: 0 | AR8: 0 | AS8: 0 | AT8: 0 | AU8: 0 | AV8: 0 | AW8: 0 | AX8: 0 | AY8: 0 | AZ8: 0 | BA8: 0 | BB8: 0 | BC8: 0 | BD8: 0 | BE8: 0 | BF8: 0 | BG8: 0 | BH8: 0 | BI8: 0 | BJ8: 0 | BK8: 0 | BL8: 0 | BM8: 0 | BN8: 0 | BO8: 0 | BP8: 0 | BQ8: 0 | BR8: 0 | BS8: 0 | BT8: 0 | BU8: 0 | BV8: 0 | BW8: 0 | BX8: 0 | BY8: 0 | BZ8: 0 | CA8: 0 | CB8: 0 | CC8: 0 | CD8: 0 | CE8: 0 | CF8: 0 | CG8: 0 | CH8: 0 | CI8: 0 | CJ8: 0 | CK8: 0 | CL8: 0 | CM8: 0 | CN8: 0 | CO8: 0 | CP8: 0 | CQ8: 0 | CR8: 0 | CS8: 0
A9: East of England | B9: NLN | C9: JEESAL AKMAN CARE CORPORATION LTD | D9: =SUM(E9:CS9) -> 0 | E9: 0 | F9: 0 | G9: 0 | H9: 0 | I9: 0 | J9: 0 | K9: 0 | L9: 0 | M9: 0 | N9: 0 | O9: 0 | P9: 0 | Q9: 0 | R9: 0 | S9: 0 | T9: 0 | U9: 0 | V9: 0 | W9: 0 | X9: 0 | Y9: 0 | Z9: 0 | AA9: 0 | AB9: 0 | AC9: 0 | AD9: 0 | AE9: 0 | AF9: 0 | AG9: 0 | AH9: 0 | AI9: 0 | AJ9: 0 | AK9: 0 | AL9: 0 | AM9: 0 | AN9: 0 | AO9: 0 | AP9: 0 | AQ9: 0 | AR9: 0 | AS9: 0 | AT9: 0 | AU9: 0 | AV9: 0 | AW9: 0 | AX9: 0 | AY9: 0 | AZ9: 0 | BA9: 0 | BB9: 0 | BC9: 0 | BD9: 0 | BE9: 0 | BF9: 0 | BG9: 0 | BH9: 0 | BI9: 0 | BJ9: 0 | BK9: 0 | BL9: 0 | BM9: 0 | BN9: 0 | BO9: 0 | BP9: 0 | BQ9: 0 | BR9: 0 | BS9: 0 | BT9: 0 | BU9: 0 | BV9: 0 | BW9: 0 | BX9: 0 | BY9: 0 | BZ9: 0 | CA9: 0 | CB9: 0 | CC9: 0 | CD9: 0 | CE9: 0 | CF9: 0 | CG9: 0 | CH9: 0 | CI9: 0 | CJ9: 0 | CK9: 0 | CL9: 0 | CM9: 0 | CN9: 0 | CO9: 0 | CP9: 0 | CQ9: 0 | CR9: 0 | CS9: 0
A10: East of England | B10: NMJ0N | C10: YEW TREES | D10: =SUM(E10:CS10) -> 0 | E10: 0 | F10: 0 | G10: 0 | H10: 0 | I10: 0 | J10: 0 | K10: 0 | L10: 0 | M10: 0 | N10: 0 | O10: 0 | P10: 0 | Q10: 0 | R10: 0 | S10: 0 | T10: 0 | U10: 0 | V10: 0 | W10: 0 | X10: 0 | Y10: 0 | Z10: 0 | AA10: 0 | AB10: 0 | AC10: 0 | AD10: 0 | AE10: 0 | AF10: 0 | AG10: 0 | AH10: 0 | AI10: 0 | AJ10: 0 | AK10: 0 | AL10: 0 | AM10: 0 | AN10: 0 | AO10: 0 | AP10: 0 | AQ10: 0 | AR10: 0 | AS10: 0 | AT10: 0 | AU10: 0 | AV10: 0 | AW10: 0 | AX10: 0 | AY10: 0 | AZ10: 0 | BA10: 0 | BB10: 0 | BC10: 0 | BD10: 0 | BE10: 0 | BF10: 0 | BG10: 0 | BH10: 0 | BI10: 0 | BJ10: 0 | BK10: 0 | BL10: 0 | BM10: 0 | BN10: 0 | BO10: 0 | BP10: 0 | BQ10: 0 | BR10: 0 | BS10: 0 | BT10: 0 | BU10: 0 | BV10: 0 | BW10: 0 | BX10: 0 | BY10: 0 | BZ10: 0 | CA10: 0 | CB10: 0 | CC10: 0 | CD10: 0 | CE10: 0 | CF10: 0 | CG10: 0 | CH10: 0 | CI10: 0 | CJ10: 0 | CK10: 0 | CL10: 0 | CM10: 0 | CN10: 0 | CO10: 0 | CP10: 0 | CQ10: 0 | CR10: 0 | CS10: 0
A11: East of England | B11: NMJ0U | C11: THORS PARK | D11: =SUM(E11:CS11) -> 0 | E11: 0 | F11: 0 | G11: 0 | H11: 0 | I11: 0 | J11: 0 | K11: 0 | L11: 0 | M11: 0 | N11: 0 | O11: 0 | P11: 0 | Q11: 0 | R11: 0 | S11: 0 | T11: 0 | U11: 0 | V11: 0 | W11: 0 | X11: 0 | Y11: 0 | Z11: 0 | AA11: 0 | AB11: 0 | AC11: 0 | AD11: 0 | AE11: 0 | AF11: 0 | AG11: 0 | AH11: 0 | AI11: 0 | AJ11: 0 | AK11: 0 | AL11: 0 | AM11: 0 | AN11: 0 | AO11: 0 | AP11: 0 | AQ11: 0 | AR11: 0 | AS11: 0 | AT11: 0 | AU11: 0 | AV11: 0 | AW11: 0 | AX11: 0 | AY11: 0 | AZ11: 0 | BA11: 0 | BB11: 0 | BC11: 0 | BD11: 0 | BE11: 0 | BF11: 0 | BG11: 0 | BH11: 0 | BI11: 0 | BJ11: 0 | BK11: 0 | BL11: 0 | BM11: 0 | BN11: 0 | BO11: 0 | BP11: 0 | BQ11: 0 | BR11: 0 | BS11: 0 | BT11: 0 | BU11: 0 | BV11: 0 | BW11: 0 | BX11: 0 | BY11: 0 | BZ11: 0 | CA11: 0 | CB11: 0 | CC11: 0 | CD11: 0 | CE11: 0 | CF11: 0 | CG11: 0 | CH11: 0 | CI11: 0 | CJ11: 0 | CK11: 0 | CL11: 0 | CM11: 0 | CN11: 0 | CO11: 0 | CP11: 0 | CQ11: 0 | CR11: 0 | CS11: 0
A12: East of England | B12: NMJ11 | C12: CYGNET HOSPITAL STEVENAGE | D12: =SUM(E12:CS12) -> 0 | E12: 0 | F12: 0 | G12: 0 | H12: 0 | I12: 0 | J12: 0 | K12: 0 | L12: 0 | M12: 0 | N12: 0 | O12: 0 | P12: 0 | Q12: 0 | R12: 0 | S12: 0 | T12: 0 | U12: 0 | V12: 0 | W12: 0 | X12: 0 | Y12: 0 | Z12: 0 | AA12: 0 | AB12: 0 | AC12: 0 | AD12: 0 | AE12: 0 | AF12: 0 | AG12: 0 | AH12: 0 | AI12: 0 | AJ12: 0 | AK12: 0 | AL12: 0 | AM12: 0 | AN12: 0 | AO12: 0 | AP12: 0 | AQ12: 0 | AR12: 0 | AS12: 0 | AT12: 0 | AU12: 0 | AV12: 0 | AW12: 0 | AX12: 0 | AY12: 0 | AZ12: 0 | BA12: 0 | BB12: 0 | BC12: 0 | BD12: 0 | BE12: 0 | BF12: 0 | BG12: 0 | BH12: 0 | BI12: 0 | BJ12: 0 | BK12: 0 | BL12: 0 | BM12: 0 | BN12: 0 | BO12: 0 | BP12: 0 | BQ12: 0 | BR12: 0 | BS12: 0 | BT12: 0 | BU12: 0 | BV12: 0 | BW12: 0 | BX12: 0 | BY12: 0 | BZ12: 0 | CA12: 0 | CB12: 0 | CC12: 0 | CD12: 0 | CE12: 0 | CF12: 0 | CG12: 0 | CH12: 0 | CI12: 0 | CJ12: 0 | CK12: 0 | CL12: 0 | CM12: 0 | CN12: 0 | CO12: 0 | CP12: 0 | CQ12: 0 | CR12: 0 | CS12: 0
A13: East of England | B13: NMJ44 | C13: CYGNET HOSPITAL COLCHESTER | D13: =SUM(E13:CS13) -> 0 | E13: 0 | F13: 0 | G13: 0 | H13: 0 | I13: 0 | J13: 0 | K13: 0 | L13: 0 | M13: 0 | N13: 0 | O13: 0 | P13: 0 | Q13: 0 | R13: 0 | S13: 0 | T13: 0 | U13: 0 | V13: 0 | W13: 0 | X13: 0 | Y13: 0 | Z13: 0 | AA13: 0 | AB13: 0 | AC13: 0 | AD13: 0 | AE13: 0 | AF13: 0 | AG13: 0 | AH13: 0 | AI13: 0 | AJ13: 0 | AK13: 0 | AL13: 0 | AM13: 0 | AN13: 0 | AO13: 0 | AP13: 0 | AQ13: 0 | AR13: 0 | AS13: 0 | AT13: 0 | AU13: 0 | AV13: 0 | AW13: 0 | AX13: 0 | AY13: 0 | AZ13: 0 | BA13: 0 | BB13: 0 | BC13: 0 | BD13: 0 | BE13: 0 | BF13: 0 | BG13: 0 | BH13: 0 | BI13: 0 | BJ13: 0 | BK13: 0 | BL13: 0 | BM13: 0 | BN13: 0 | BO13: 0 | BP13: 0 | BQ13: 0 | BR13: 0 | BS13: 0 | BT13: 0 | BU13: 0 | BV13: 0 | BW13: 0 | BX13: 0 | BY13: 0 | BZ13: 0 | CA13: 0 | CB13: 0 | CC13: 0 | CD13: 0 | CE13: 0 | CF13: 0 | CG13: 0 | CH13: 0 | CI13: 0 | CJ13: 0 | CK13: 0 | CL13: 0 | CM13: 0 | CN13: 0 | CO13: 0 | CP13: 0 | CQ13: 0 | CR13: 0 | CS13: 0
... A497: South West | B497: RWV | C497: DEVON PARTNERSHIP NHS TRUST | D497: =SUM(E497:CS497) -> 0 | E497: 0 | F497: 0 | G497: 0 | H497: 0 | I497: 0 | J497: 0 | K497: 0 | L497: 0 | M497: 0 | N497: 0 | O497: 0 | P497: 0 | Q497: 0 | R497: 0 | S497: 0 | T497: 0 | U497: 0 | V497: 0 | W497: 0 | X497: 0 | Y497: 0 | Z497: 0 | AA497: 0 | AB497: 0 | AC497: 0 | AD497: 0 | AE497: 0 | AF497: 0 | AG497: 0 | AH497: 0 | AI497: 0 | AJ497: 0 | AK497: 0 | AL497: 0 | AM497: 0 | AN497: 0 | AO497: 0 | AP497: 0 | AQ497: 0 | AR497: 0 | AS497: 0 | AT497: 0 | AU497: 0 | AV497: 0 | AW497: 0 | AX497: 0 | AY497: 0 | AZ497: 0 | BA497: 0 | BB497: 0 | BC497: 0 | BD497: 0 | BE497: 0 | BF497: 0 | BG497: 0 | BH497: 0 | BI497: 0 | BJ497: 0 | BK497: 0 | BL497: 0 | BM497: 0 | BN497: 0 | BO497: 0 | BP497: 0 | BQ497: 0 | BR497: 0 | BS497: 0 | BT497: 0 | BU497: 0 | BV497: 0 | BW497: 0 | BX497: 0 | BY497: 0 | BZ497: 0 | CA497: 0 | CB497: 0 | CC497: 0 | CD497: 0 | CE497: 0 | CF497: 0 | CG497: 0 | CH497: 0 | CI497: 0 | CJ497: 0 | CK497: 0 | CL497: 0 | CM497: 0 | CN497: 0 | CO497: 0 | CP497: 0 | CQ497: 0 | CR497: 0 | CS497: 0

Sheet Hospital Lookup
A1: Region | B1: Code | C1: Hosp/trust name (Mar to Aug) | D1: Hosp/trust name (Sep to Nov) | E1: Combined admissions with covid (Mar to July) | F1: Combined admissions with covid (Aug to Nov) | G1: Is Acute? | H1: Not Acute but high admission numbers | I1: Actue with high admission numbers | J1: Include | L1: Category | M1: Included Hosp/Trusts
A2: East of England | B2: AND | C2: Baddow Hospital Ltd | D2: - | E2: =IFERROR(VLOOKUP(C2,'New Adm Data (Mar to July)'!C:D,2,),"-") -> 0 | F2: =IFERROR(VLOOKUP(D2,'New Adm Data (Aug to Nov)'!C:D,2,),"-") -> - | G2: Unk. | H2: =IF(G2<>"Yes",IF(SUM(E2:F2)>228,"Yes","No"),"No") -> No | I2: =IF(G2="Yes",IF(SUM(E2:F2)>228,"Yes","No"),"No") -> No | J2: =IF(H2="Yes","Yes",IF(I2="Yes","Yes","No")) -> No | L2: Not Acute but high admission numbers | M2: =COUNTIFS(H:H,"Yes") -> 2
A3: East of England | B3: AVQ | C3: One Healthcare | D3: - | E3: =IFERROR(VLOOKUP(C3,'New Adm Data (Mar to July)'!C:D,2,),"-") -> 0 | F3: =IFERROR(VLOOKUP(D3,'New Adm Data (Aug to Nov)'!C:D,2,),"-") -> - | G3: Unk. | H3: =IF(G3<>"Yes",IF(SUM(E3:F3)>228,"Yes","No"),"No") -> No | I3: =IF(G3="Yes",IF(SUM(E3:F3)>228,"Yes","No"),"No") -> No | J3: =IF(H3="Yes","Yes",IF(I3="Yes","Yes","No")) -> No | L3: Actue with high admission numbers | M3: =COUNTIFS(I:I,"Yes") -> 76
A4: East of England | B4: AWR | C4: One Stop Doctors Limited | D4: - | E4: =IFERROR(VLOOKUP(C4,'New Adm Data (Mar to July)'!C:D,2,),"-") -> 0 | F4: =IFERROR(VLOOKUP(D4,'New Adm Data (Aug to Nov)'!C:D,2,),"-") -> - | G4: Unk. | H4: =IF(G4<>"Yes",IF(SUM(E4:F4)>228,"Yes","No"),"No") -> No | I4: =IF(G4="Yes",IF(SUM(E4:F4)>228,"Yes","No"),"No") -> No | J4: =IF(H4="Yes","Yes",IF(I4="Yes","Yes","No")) -> No | L4: Overall | M4: =COUNTIFS(J:J,"Yes") -> 78
A5: East of England | B5: DE8 | C5: Elysium Healthcare | D5: - | E5: =IFERROR(VLOOKUP(C5,'New Adm Data (Mar to July)'!C:D,2,),"-") -> 0 | F5: =IFERROR(VLOOKUP(D5,'New Adm Data (Aug to Nov)'!C:D,2,),"-") -> - | G5: Unk. | H5: =IF(G5<>"Yes",IF(SUM(E5:F5)>228,"Yes","No"),"No") -> No | I5: =IF(G5="Yes",IF(SUM(E5:F5)>228,"Yes","No"),"No") -> No | J5: =IF(H5="Yes","Yes",IF(I5="Yes","Yes","No")) -> No
A6: East of England | B6: NAX | C6: East Coast Community Healthcare C.I.C | D6: EAST COAST COMMUNITY HEALTHCARE C.I.C | E6: =IFERROR(VLOOKUP(C6,'New Adm Data (Mar to July)'!C:D,2,),"-") -> 7 | F6: =IFERROR(VLOOKUP(D6,'New Adm Data (Aug to Nov)'!C:D,2,),"-") -> 0 | G6: No | H6: =IF(G6<>"Yes",IF(SUM(E6:F6)>228,"Yes","No"),"No") -> No | I6: =IF(G6="Yes",IF(SUM(E6:F6)>228,"Yes","No"),"No") -> No | J6: =IF(H6="Yes","Yes",IF(I6="Yes","Yes","No")) -> No
A7: East of England | B7: NLN | C7: Jeesal Akman Care Corporation Ltd | D7: - | E7: =IFERROR(VLOOKUP(C7,'New Adm Data (Mar to July)'!C:D,2,),"-") -> 0 | F7: =IFERROR(VLOOKUP(D7,'New Adm Data (Aug to Nov)'!C:D,2,),"-") -> - | G7: Unk. | H7: =IF(G7<>"Yes",IF(SUM(E7:F7)>228,"Yes","No"),"No") -> No | I7: =IF(G7="Yes",IF(SUM(E7:F7)>228,"Yes","No"),"No") -> No | J7: =IF(H7="Yes","Yes",IF(I7="Yes","Yes","No")) -> No
A8: East of England | B8: NMJ | C8: Cygnet Health Care Limited | D8: - | E8: =IFERROR(VLOOKUP(C8,'New Adm Data (Mar to July)'!C:D,2,),"-") -> 0 | F8: =IFERROR(VLOOKUP(D8,'New Adm Data (Aug to Nov)'!C:D,2,),"-") -> - | G8: Unk. | H8: =IF(G8<>"Yes",IF(SUM(E8:F8)>228,"Yes","No"),"No") -> No | I8: =IF(G8="Yes",IF(SUM(E8:F8)>228,"Yes","No"),"No") -> No | J8: =IF(H8="Yes","Yes",IF(I8="Yes","Yes","No")) -> No
A9: East of England | B9: NQ1 | C9: Anglian Community Enterprise Community Interest Company (Ace Cic) | D9: ANGLIAN COMMUNITY ENTERPRISE COMMUNITY INTEREST COMPANY (ACE CIC) | E9: =IFERROR(VLOOKUP(C9,'New Adm Data (Mar to July)'!C:D,2,),"-") -> 54 | F9: =IFERROR(VLOOKUP(D9,'New Adm Data (Aug to Nov)'!C:D,2,),"-") -> 5 | G9: No | H9: =IF(G9<>"Yes",IF(SUM(E9:F9)>228,"Yes","No"),"No") -> No | I9: =IF(G9="Yes",IF(SUM(E9:F9)>228,"Yes","No"),"No") -> No | J9: =IF(H9="Yes","Yes",IF(I9="Yes","Yes","No")) -> No
A10: East of England | B10: NQA | C10: Provide | D10: PROVIDE | E10: =IFERROR(VLOOKUP(C10,'New Adm Data (Mar to July)'!C:D,2,),"-") -> 23 | F10: =IFERROR(VLOOKUP(D10,'New Adm Data (Aug to Nov)'!C:D,2,),"-") -> 0 | G10: No | H10: =IF(G10<>"Yes",IF(SUM(E10:F10)>228,"Yes","No"),"No") -> No | I10: =IF(G10="Yes",IF(SUM(E10:F10)>228,"Yes","No"),"No") -> No | J10: =IF(H10="Yes","Yes",IF(I10="Yes","Yes","No")) -> No
A11: East of England | B11: NT2 | C11: Nuffield Health | D11: - | E11: =IFERROR(VLOOKUP(C11,'New Adm Data (Mar to July)'!C:D,2,),"-") -> 0 | F11: =IFERROR(VLOOKUP(D11,'New Adm Data (Aug to Nov)'!C:D,2,),"-") -> - | G11: Unk. | H11: =IF(G11<>"Yes",IF(SUM(E11:F11)>228,"Yes","No"),"No") -> No | I11: =IF(G11="Yes",IF(SUM(E11:F11)>228,"Yes","No"),"No") -> No | J11: =IF(H11="Yes","Yes",IF(I11="Yes","Yes","No")) -> No
A12: East of England | B12: NT3 | C12: Spire Healthcare | D12: - | E12: =IFERROR(VLOOKUP(C12,'New Adm Data (Mar to July)'!C:D,2,),"-") -> 0 | F12: =IFERROR(VLOOKUP(D12,'New Adm Data (Aug to Nov)'!C:D,2,),"-") -> - | G12: Unk. | H12: =IF(G12<>"Yes",IF(SUM(E12:F12)>228,"Yes","No"),"No") -> No | I12: =IF(G12="Yes",IF(SUM(E12:F12)>228,"Yes","No"),"No") -> No | J12: =IF(H12="Yes","Yes",IF(I12="Yes","Yes","No")) -> No
A13: East of England | B13: NT4 | C13: Bmi Healthcare | D13: - | E13: =IFERROR(VLOOKUP(C13,'New Adm Data (Mar to July)'!C:D,2,),"-") -> 0 | F13: =IFERROR(VLOOKUP(D13,'New Adm Data (Aug to Nov)'!C:D,2,),"-") -> - | G13: Unk. | H13: =IF(G13<>"Yes",IF(SUM(E13:F13)>228,"Yes","No"),"No") -> No | I13: =IF(G13="Yes",IF(SUM(E13:F13)>228,"Yes","No"),"No") -> No | J13: =IF(H13="Yes","Yes",IF(I13="Yes","Yes","No")) -> No
A14: East of England | B14: NVC | C14: Ramsay Healthcare UK Operations Limited | D14: - | E14: =IFERROR(VLOOKUP(C14,'New Adm Data (Mar to July)'!C:D,2,),"-") -> 0 | F14: =IFERROR(VLOOKUP(D14,'New Adm Data (Aug to Nov)'!C:D,2,),"-") -> - | G14: Unk. | H14: =IF(G14<>"Yes",IF(SUM(E14:F14)>228,"Yes","No"),"No") -> No | I14: =IF(G14="Yes",IF(SUM(E14:F14)>228,"Yes","No"),"No") -> No | J14: =IF(H14="Yes","Yes",IF(I14="Yes","Yes","No")) -> No
A15: East of England | B15: NYA | C15: St Andrew's Healthcare | D15: - | E15: =IFERROR(VLOOKUP(C15,'New Adm Data (Mar to July)'!C:D,2,),"-") -> 0 | F15: =IFERROR(VLOOKUP(D15,'New Adm Data (Aug to Nov)'!C:D,2,),"-") -> - | G15: Unk. | H15: =IF(G15<>"Yes",IF(SUM(E15:F15)>228,"Yes","No"),"No") -> No | I15: =IF(G15="Yes",IF(SUM(E15:F15)>228,"Yes","No"),"No") -> No | J15: =IF(H15="Yes","Yes",IF(I15="Yes","Yes","No")) -> No
A16: East of England | B16: NYW | C16: Aspen Healthcare Limited | D16: - | E16: =IFERROR(VLOOKUP(C16,'New Adm Data (Mar to July)'!C:D,2,),"-") -> 0 | F16: =IFERROR(VLOOKUP(D16,'New Adm Data (Aug to Nov)'!C:D,2,),"-") -> - | G16: Unk. | H16: =IF(G16<>"Yes",IF(SUM(E16:F16)>228,"Yes","No"),"No") -> No | I16: =IF(G16="Yes",IF(SUM(E16:F16)>228,"Yes","No"),"No") -> No | J16: =IF(H16="Yes","Yes",IF(I16="Yes","Yes","No")) -> No
... A315: South West | B315: RWV | C315: Devon Partnership NHS Trust | D315: DEVON PARTNERSHIP NHS TRUST | E315: =IFERROR(VLOOKUP(C315,'New Adm Data (Mar to July)'!C:D,2,),"-") -> 0 | F315: =IFERROR(VLOOKUP(D315,'New Adm Data (Aug to Nov)'!C:D,2,),"-") -> 0 | G315: No | H315: =IF(G315<>"Yes",IF(SUM(E315:F315)>228,"Yes","No"),"No") -> No | I315: =IF(G315="Yes",IF(SUM(E315:F315)>228,"Yes","No"),"No") -> No | J315: =IF(H315="Yes","Yes",IF(I315="Yes","Yes","No")) -> No
A316: East of England | B316: AND01 | D316: BADDOW HOSPITAL | E316: =IFERROR(VLOOKUP(C316,'New Adm Data (Mar to July)'!C:D,2,),"-") -> - | F316: =IFERROR(VLOOKUP(D316,'New Adm Data (Aug to Nov)'!C:D,2,),"-") -> 0 | G316: No | H316: =IF(G316<>"Yes",IF(SUM(E316:F316)>228,"Yes","No"),"No") -> No | I316: =IF(G316="Yes",IF(SUM(E316:F316)>228,"Yes","No"),"No") -> No | J316: =IF(H316="Yes","Yes",IF(I316="Yes","Yes","No")) -> No
A317: East of England | B317: AVQ03 | D317: ONE HATFIELD HOSPITAL | E317: =IFERROR(VLOOKUP(C317,'New Adm Data (Mar to July)'!C:D,2,),"-") -> - | F317: =IFERROR(VLOOKUP(D317,'New Adm Data (Aug to Nov)'!C:D,2,),"-") -> 0 | G317: No | H317: =IF(G317<>"Yes",IF(SUM(E317:F317)>228,"Yes","No"),"No") -> No | I317: =IF(G317="Yes",IF(SUM(E317:F317)>228,"Yes","No"),"No") -> No | J317: =IF(H317="Yes","Yes",IF(I317="Yes","Yes","No")) -> No
A318: East of England | B318: DE810 | D318: CHADWICK LODGE | E318: =IFERROR(VLOOKUP(C318,'New Adm Data (Mar to July)'!C:D,2,),"-") -> - | F318: =IFERROR(VLOOKUP(D318,'New Adm Data (Aug to Nov)'!C:D,2,),"-") -> 0 | G318: No | H318: =IF(G318<>"Yes",IF(SUM(E318:F318)>228,"Yes","No"),"No") -> No | I318: =IF(G318="Yes",IF(SUM(E318:F318)>228,"Yes","No"),"No") -> No | J318: =IF(H318="Yes","Yes",IF(I318="Yes","Yes","No")) -> No
A319: East of England | B319: DE816 | D319: POTTERS BAR | E319: =IFERROR(VLOOKUP(C319,'New Adm Data (Mar to July)'!C:D,2,),"-") -> - | F319: =IFERROR(VLOOKUP(D319,'New Adm Data (Aug to Nov)'!C:D,2,),"-") -> 0 | G319: No | H319: =IF(G319<>"Yes",IF(SUM(E319:F319)>228,"Yes","No"),"No") -> No | I319: =IF(G319="Yes",IF(SUM(E319:F319)>228,"Yes","No"),"No") -> No | J319: =IF(H319="Yes","Yes",IF(I319="Yes","Yes","No")) -> No
A320: East of England | B320: NMJ0N | D320: YEW TREES | E320: =IFERROR(VLOOKUP(C320,'New Adm Data (Mar to July)'!C:D,2,),"-") -> - | F320: =IFERROR(VLOOKUP(D320,'New Adm Data (Aug to Nov)'!C:D,2,),"-") -> 0 | G320: No | H320: =IF(G320<>"Yes",IF(SUM(E320:F320)>228,"Yes","No"),"No") -> No | I320: =IF(G320="Yes",IF(SUM(E320:F320)>228,"Yes","No"),"No") -> No | J320: =IF(H320="Yes","Yes",IF(I320="Yes","Yes","No")) -> No
A321: East of England | B321: NMJ11 | D321: CYGNET HOSPITAL STEVENAGE | E321: =IFERROR(VLOOKUP(C321,'New Adm Data (Mar to July)'!C:D,2,),"-") -> - | F321: =IFERROR(VLOOKUP(D321,'New Adm Data (Aug to Nov)'!C:D,2,),"-") -> 0 | G321: No | H321: =IF(G321<>"Yes",IF(SUM(E321:F321)>228,"Yes","No"),"No") -> No | I321: =IF(G321="Yes",IF(SUM(E321:F321)>228,"Yes","No"),"No") -> No | J321: =IF(H321="Yes","Yes",IF(I321="Yes","Yes","No")) -> No
A322: East of England | B322: NMJ44 | D322: CYGNET HOSPITAL COLCHESTER | E322: =IFERROR(VLOOKUP(C322,'New Adm Data (Mar to July)'!C:D,2,),"-") -> - | F322: =IFERROR(VLOOKUP(D322,'New Adm Data (Aug to Nov)'!C:D,2,),"-") -> 0 | G322: No | H322: =IF(G322<>"Yes",IF(SUM(E322:F322)>228,"Yes","No"),"No") -> No | I322: =IF(G322="Yes",IF(SUM(E322:F322)>228,"Yes","No"),"No") -> No | J322: =IF(H322="Yes","Yes",IF(I322="Yes","Yes","No")) -> No
A323: East of England | B323: NT204 | D323: NUFFIELD HEALTH, BRENTWOOD HOSPITAL | E323: =IFERROR(VLOOKUP(C323,'New Adm Data (Mar to July)'!C:D,2,),"-") -> - | F323: =IFERROR(VLOOKUP(D323,'New Adm Data (Aug to Nov)'!C:D,2,),"-") -> 0 | G323: No | H323: =IF(G323<>"Yes",IF(SUM(E323:F323)>228,"Yes","No"),"No") -> No | I323: =IF(G323="Yes",IF(SUM(E323:F323)>228,"Yes","No"),"No") -> No | J323: =IF(H323="Yes","Yes",IF(I323="Yes","Yes","No")) -> No
A324: East of England | B324: NT209 | D324: NUFFIELD HEALTH, CAMBRIDGE HOSPITAL | E324: =IFERROR(VLOOKUP(C324,'New Adm Data (Mar to July)'!C:D,2,),"-") -> - | F324: =IFERROR(VLOOKUP(D324,'New Adm Data (Aug to Nov)'!C:D,2,),"-") -> 0 | G324: No | H324: =IF(G324<>"Yes",IF(SUM(E324:F324)>228,"Yes","No"),"No") -> No | I324: =IF(G324="Yes",IF(SUM(E324:F324)>228,"Yes","No"),"No") -> No | J324: =IF(H324="Yes","Yes",IF(I324="Yes","Yes","No")) -> No
A325: East of England | B325: NT222 | D325: NUFFIELD HEALTH, IPSWICH HOSPITAL | E325: =IFERROR(VLOOKUP(C325,'New Adm Data (Mar to July)'!C:D,2,),"-") -> - | F325: =IFERROR(VLOOKUP(D325,'New Adm Data (Aug to Nov)'!C:D,2,),"-") -> 0 | G325: No | H325: =IF(G325<>"Yes",IF(SUM(E325:F325)>228,"Yes","No"),"No") -> No | I325: =IF(G325="Yes",IF(SUM(E325:F325)>228,"Yes","No"),"No") -> No | J325: =IF(H325="Yes","Yes",IF(I325="Yes","Yes","No")) -> No
A326: East of England | B326: NT313 | D326: SPIRE WELLESLEY HOSPITAL | E326: =IFERROR(VLOOKUP(C326,'New Adm Data (Mar to July)'!C:D,2,),"-") -> - | F326: =IFERROR(VLOOKUP(D326,'New Adm Data (Aug to Nov)'!C:D,2,),"-") -> 0 | G326: No | H326: =IF(G326<>"Yes",IF(SUM(E326:F326)>228,"Yes","No"),"No") -> No | I326: =IF(G326="Yes",IF(SUM(E326:F326)>228,"Yes","No"),"No") -> No | J326: =IF(H326="Yes","Yes",IF(I326="Yes","Yes","No")) -> No
A327: East of England | B327: NT315 | D327: SPIRE BUSHEY HOSPITAL | E327: =IFERROR(VLOOKUP(C327,'New Adm Data (Mar to July)'!C:D,2,),"-") -> - | F327: =IFERROR(VLOOKUP(D327,'New Adm Data (Aug to Nov)'!C:D,2,),"-") -> 0 | G327: No | H327: =IF(G327<>"Yes",IF(SUM(E327:F327)>228,"Yes","No"),"No") -> No | I327: =IF(G327="Yes",IF(SUM(E327:F327)>228,"Yes","No"),"No") -> No | J327: =IF(H327="Yes","Yes",IF(I327="Yes","Yes","No")) -> No
... A572: South West | B572: RDZ | D572: THE ROYAL BOURNEMOUTH AND CHRISTCHURCH HOSPITALS NHS FOUNDATION TRUST | E572: =IFERROR(VLOOKUP(C572,'New Adm Data (Mar to July)'!C:D,2,),"-") -> - | F572: =IFERROR(VLOOKUP(D572,'New Adm Data (Aug to Nov)'!C:D,2,),"-") -> 3 | G572: No | H572: =IF(G572<>"Yes",IF(SUM(E572:F572)>228,"Yes","No"),"No") -> No | I572: =IF(G572="Yes",IF(SUM(E572:F572)>228,"Yes","No"),"No") -> No | J572: =IF(H572="Yes","Yes",IF(I572="Yes","Yes","No")) -> No

Sheet Estimated Hospital Beds
A1: Region Code | B1: Org Code | C1: Org Name | D1: Clean Organisation Name | E1: Hospital Beds
A2: - | B2: - | C2: Overall | D2: =C2 -> Overall | E2: =SUM(E3:E197) -> 118448
A3: Y56 | B3: R1H | C3: BARTS HEALTH NHS TRUST | D3: =TRIM(C3) -> BARTS HEALTH NHS TRUST | E3: 1847
A4: Y56 | B4: R1K | C4: LONDON NORTH WEST UNIVERSITY HEALTHCARE NHS TRUST | D4: =TRIM(C4) -> LONDON NORTH WEST UNIVERSITY HEALTHCARE NHS TRUST | E4: 965
A5: Y56 | B5: RAL | C5: ROYAL FREE LONDON NHS FOUNDATION TRUST | D5: =TRIM(C5) -> ROYAL FREE LONDON NHS FOUNDATION TRUST | E5: 970
A6: Y56 | B6: RAN | C6: ROYAL NATIONAL ORTHOPAEDIC HOSPITAL NHS TRUST | D6: =TRIM(C6) -> ROYAL NATIONAL ORTHOPAEDIC HOSPITAL NHS TRUST | E6: 137
A7: Y56 | B7: RAP | C7: NORTH MIDDLESEX UNIVERSITY HOSPITAL NHS TRUST | D7: =TRIM(C7) -> NORTH MIDDLESEX UNIVERSITY HOSPITAL NHS TRUST | E7: 401
A8: Y56 | B8: RAS | C8: THE HILLINGDON HOSPITALS NHS FOUNDATION TRUST | D8: =TRIM(C8) -> THE HILLINGDON HOSPITALS NHS FOUNDATION TRUST | E8: 412
A9: Y56 | B9: RAT | C9: NORTH EAST LONDON NHS FOUNDATION TRUST | D9: =TRIM(C9) -> NORTH EAST LONDON NHS FOUNDATION TRUST | E9: 438
A10: Y56 | B10: RAX | C10: KINGSTON HOSPITAL NHS FOUNDATION TRUST | D10: =TRIM(C10) -> KINGSTON HOSPITAL NHS FOUNDATION TRUST | E10: 437
A11: Y56 | B11: RF4 | C11: BARKING, HAVERING AND REDBRIDGE UNIVERSITY HOSPITALS NHS TRUST | D11: =TRIM(C11) -> BARKING, HAVERING AND REDBRIDGE UNIVERSITY HOSPITALS NHS TRUST | E11: 999
A12: Y56 | B12: RJ1 | C12: GUY'S AND ST THOMAS' NHS FOUNDATION TRUST | D12: =TRIM(C12) -> GUY'S AND ST THOMAS' NHS FOUNDATION TRUST | E12: 955
A13: Y56 | B13: RJ2 | C13: LEWISHAM AND GREENWICH NHS TRUST | D13: =TRIM(C13) -> LEWISHAM AND GREENWICH NHS TRUST | E13: 856
A14: Y56 | B14: RJ6 | C14: CROYDON HEALTH SERVICES NHS TRUST | D14: =TRIM(C14) -> CROYDON HEALTH SERVICES NHS TRUST | E14: 449
... A31: Y56 | B31: RYJ | C31: IMPERIAL COLLEGE HEALTHCARE NHS TRUST | D31: =TRIM(C31) -> IMPERIAL COLLEGE HEALTHCARE NHS TRUST | E31: 1162
A32: Y56 | B32: RYX | C32: CENTRAL LONDON COMMUNITY HEALTHCARE NHS TRUST | D32: =TRIM(C32) -> CENTRAL LONDON COMMUNITY HEALTHCARE NHS TRUST | E32: -
A33: Y56 | B33: TAF | C33: CAMDEN AND ISLINGTON NHS FOUNDATION TRUST | D33: =TRIM(C33) -> CAMDEN AND ISLINGTON NHS FOUNDATION TRUST | E33: 182
A34: Y58 | B34: RA4 | C34: YEOVIL DISTRICT HOSPITAL NHS FOUNDATION TRUST | D34: =TRIM(C34) -> YEOVIL DISTRICT HOSPITAL NHS FOUNDATION TRUST | E34: 334
A35: Y58 | B35: RA7 | C35: UNIVERSITY HOSPITALS BRISTOL AND WESTON NHS FOUNDATION TRUST | D35: =TRIM(C35) -> UNIVERSITY HOSPITALS BRISTOL AND WESTON NHS FOUNDATION TRUST | E35: 1022
A36: Y58 | B36: RA9 | C36: TORBAY AND SOUTH DEVON NHS FOUNDATION TRUST | D36: =TRIM(C36) -> TORBAY AND SOUTH DEVON NHS FOUNDATION TRUST | E36: 376
A37: Y58 | B37: RBD | C37: DORSET COUNTY HOSPITAL NHS FOUNDATION TRUST | D37: =TRIM(C37) -> DORSET COUNTY HOSPITAL NHS FOUNDATION TRUST | E37: 289
A38: Y58 | B38: RBZ | C38: NORTHERN DEVON HEALTHCARE NHS TRUST | D38: =TRIM(C38) -> NORTHERN DEVON HEALTHCARE NHS TRUST | E38: 279
A39: Y58 | B39: RD1 | C39: ROYAL UNITED HOSPITALS BATH NHS FOUNDATION TRUST | D39: =TRIM(C39) -> ROYAL UNITED HOSPITALS BATH NHS FOUNDATION TRUST | E39: 540
A40: Y58 | B40: RD3 | C40: POOLE HOSPITAL NHS FOUNDATION TRUST | D40: =TRIM(C40) -> POOLE HOSPITAL NHS FOUNDATION TRUST | E40: 551
A41: Y58 | B41: RDY | C41: DORSET HEALTHCARE UNIVERSITY NHS FOUNDATION TRUST | D41: =TRIM(C41) -> DORSET HEALTHCARE UNIVERSITY NHS FOUNDATION TRUST | E41: 235
A42: Y58 | B42: RDZ | C42: THE ROYAL BOURNEMOUTH AND CHRISTCHURCH HOSPITALS NHS FOUNDATION TRUST | D42: =TRIM(C42) -> THE ROYAL BOURNEMOUTH AND CHRISTCHURCH HOSPITALS NHS FOUNDATION TRUST | E42: 520
A43: Y58 | B43: REF | C43: ROYAL CORNWALL HOSPITALS NHS TRUST | D43: =TRIM(C43) -> ROYAL CORNWALL HOSPITALS NHS TRUST | E43: 748
A44: Y58 | B44: RH5 | C44: SOMERSET NHS FOUNDATION TRUST | D44: =TRIM(C44) -> SOMERSET NHS FOUNDATION TRUST | E44: 927
... A197: Y63 | B197: TAH | C197: SHEFFIELD HEALTH & SOCIAL CARE NHS FOUNDATION TRUST | D197: =TRIM(C197) -> SHEFFIELD HEALTH & SOCIAL CARE NHS FOUNDATION TRUST | E197: 159

Sheet Analysis
A1: Current Date | B1: 44140
A3: Hosp/trust name (Mar to Aug) | B3: Peak beds occupied by covid patients (wave 1) | C3: Current beds occupied by covid patients | D3: Ratio of current to wave 1 peak | E3: Region | G3: Peak bed est. occupancy rate (wave 1) | H3: Current bed est. occupancy rate
A4: Overall | B4: =VLOOKUP(A4,'March to Aug Data'!C:D,2,) -> 18970 | C4: =INDEX('Sep to Nov Data'!$E$4:$CZ$488,MATCH(Analysis!A4,'Sep to Nov Data'!$C$4:$C$488,0),MATCH(Analysis!$B$1,'Sep to Nov Data'!$E$3:$CZ$3,0)) -> 10994 | D4: =C4/B4 -> 0.57954665 | E4: =IFERROR(INDEX('March to Aug Data'!$A:$A,MATCH(Analysis!A4,'March to Aug Data'!$C:$C,0),1),"-") -> - | G4: =B4/VLOOKUP($A4,'Estimated Hospital Beds'!$D:$E,2,) -> 0.16015467 | H4: =C4/VLOOKUP($A4,'Estimated Hospital Beds'!$D:$E,2,) -> 0.092817101
A5: Barnsley Hospital NHS Foundation Trust | B5: =VLOOKUP(A5,'March to Aug Data'!C:D,2,) -> 71 | C5: =INDEX('Sep to Nov Data'!$E$4:$CZ$488,MATCH(Analysis!A5,'Sep to Nov Data'!$C$4:$C$488,0),MATCH(Analysis!$B$1,'Sep to Nov Data'!$E$3:$CZ$3,0)) -> 167 | D5: =C5/B5 -> 2.3521127 | E5: =IFERROR(INDEX('March to Aug Data'!$A:$A,MATCH(Analysis!A5,'March to Aug Data'!$C:$C,0),1),"-") -> North East and Yorkshire | G5: =B5/VLOOKUP($A5,'Estimated Hospital Beds'!$D:$E,2,) -> 0.17317073 | H5: =C5/VLOOKUP($A5,'Estimated Hospital Beds'!$D:$E,2,) -> 0.40731707
A6: Doncaster and Bassetlaw Teaching Hospitals NHS Foundation Trust | B6: =VLOOKUP(A6,'March to Aug Data'!C:D,2,) -> 112 | C6: =INDEX('Sep to Nov Data'!$E$4:$CZ$488,MATCH(Analysis!A6,'Sep to Nov Data'!$C$4:$C$488,0),MATCH(Analysis!$B$1,'Sep to Nov Data'!$E$3:$CZ$3,0)) -> 191 | D6: =C6/B6 -> 1.7053571 | E6: =IFERROR(INDEX('March to Aug Data'!$A:$A,MATCH(Analysis!A6,'March to Aug Data'!$C:$C,0),1),"-") -> North East and Yorkshire | G6: =B6/VLOOKUP($A6,'Estimated Hospital Beds'!$D:$E,2,) -> 0.14035088 | H6: =C6/VLOOKUP($A6,'Estimated Hospital Beds'!$D:$E,2,) -> 0.23934837
A7: Nottingham University Hospitals NHS Trust | B7: =VLOOKUP(A7,'March to Aug Data'!C:D,2,) -> 221 | C7: =INDEX('Sep to Nov Data'!$E$4:$CZ$488,MATCH(Analysis!A7,'Sep to Nov Data'!$C$4:$C$488,0),MATCH(Analysis!$B$1,'Sep to Nov Data'!$E$3:$CZ$3,0)) -> 287 | D7: =C7/B7 -> 1.2986425 | E7: =IFERROR(INDEX('March to Aug Data'!$A:$A,MATCH(Analysis!A7,'March to Aug Data'!$C:$C,0),1),"-") -> Midlands | G7: =B7/VLOOKUP($A7,'Estimated Hospital Beds'!$D:$E,2,) -> 0.14616402 | H7: =C7/VLOOKUP($A7,'Estimated Hospital Beds'!$D:$E,2,) -> 0.18981481
A8: Wrightington, Wigan and Leigh NHS Foundation Trust | B8: =VLOOKUP(A8,'March to Aug Data'!C:D,2,) -> 98 | C8: =INDEX('Sep to Nov Data'!$E$4:$CZ$488,MATCH(Analysis!A8,'Sep to Nov Data'!$C$4:$C$488,0),MATCH(Analysis!$B$1,'Sep to Nov Data'!$E$3:$CZ$3,0)) -> 126 | D8: =C8/B8 -> 1.2857143 | E8: =IFERROR(INDEX('March to Aug Data'!$A:$A,MATCH(Analysis!A8,'March to Aug Data'!$C:$C,0),1),"-") -> North West | G8: =B8/VLOOKUP($A8,'Estimated Hospital Beds'!$D:$E,2,) -> 0.17102967 | H8: =C8/VLOOKUP($A8,'Estimated Hospital Beds'!$D:$E,2,) -> 0.21989529
A9: North Tees and Hartlepool NHS Foundation Trust | B9: =VLOOKUP(A9,'March to Aug Data'!C:D,2,) -> 73 | C9: =INDEX('Sep to Nov Data'!$E$4:$CZ$488,MATCH(Analysis!A9,'Sep to Nov Data'!$C$4:$C$488,0),MATCH(Analysis!$B$1,'Sep to Nov Data'!$E$3:$CZ$3,0)) -> 112 | D9: =C9/B9 -> 1.5342466 | E9: =IFERROR(INDEX('March to Aug Data'!$A:$A,MATCH(Analysis!A9,'March to Aug Data'!$C:$C,0),1),"-") -> North East and Yorkshire | G9: =B9/VLOOKUP($A9,'Estimated Hospital Beds'!$D:$E,2,) -> 0.15973742 | H9: =C9/VLOOKUP($A9,'Estimated Hospital Beds'!$D:$E,2,) -> 0.24507659
A10: University Hospitals of North Midlands NHS Trust | B10: =VLOOKUP(A10,'March to Aug Data'!C:D,2,) -> 165 | C10: =INDEX('Sep to Nov Data'!$E$4:$CZ$488,MATCH(Analysis!A10,'Sep to Nov Data'!$C$4:$C$488,0),MATCH(Analysis!$B$1,'Sep to Nov Data'!$E$3:$CZ$3,0)) -> 214 | D10: =C10/B10 -> 1.2969697 | E10: =IFERROR(INDEX('March to Aug Data'!$A:$A,MATCH(Analysis!A10,'March to Aug Data'!$C:$C,0),1),"-") -> Midlands | G10: =B10/VLOOKUP($A10,'Estimated Hospital Beds'!$D:$E,2,) -> 0.11506276 | H10: =C10/VLOOKUP($A10,'Estimated Hospital Beds'!$D:$E,2,) -> 0.14923291
A11: Pennine Acute Hospitals NHS Trust | B11: =VLOOKUP(A11,'March to Aug Data'!C:D,2,) -> 262 | C11: =INDEX('Sep to Nov Data'!$E$4:$CZ$488,MATCH(Analysis!A11,'Sep to Nov Data'!$C$4:$C$488,0),MATCH(Analysis!$B$1,'Sep to Nov Data'!$E$3:$CZ$3,0)) -> 382 | D11: =C11/B11 -> 1.4580153 | E11: =IFERROR(INDEX('March to Aug Data'!$A:$A,MATCH(Analysis!A11,'March to Aug Data'!$C:$C,0),1),"-") -> North West | G11: =B11/VLOOKUP($A11,'Estimated Hospital Beds'!$D:$E,2,) -> 0.22016807 | H11: =C11/VLOOKUP($A11,'Estimated Hospital Beds'!$D:$E,2,) -> 0.3210084
A12: Leeds Teaching Hospitals NHS Trust | B12: =VLOOKUP(A12,'March to Aug Data'!C:D,2,) -> 231 | C12: =INDEX('Sep to Nov Data'!$E$4:$CZ$488,MATCH(Analysis!A12,'Sep to Nov Data'!$C$4:$C$488,0),MATCH(Analysis!$B$1,'Sep to Nov Data'!$E$3:$CZ$3,0)) -> 277 | D12: =C12/B12 -> 1.1991342 | E12: =IFERROR(INDEX('March to Aug Data'!$A:$A,MATCH(Analysis!A12,'March to Aug Data'!$C:$C,0),1),"-") -> North East and Yorkshire | G12: =B12/VLOOKUP($A12,'Estimated Hospital Beds'!$D:$E,2,) -> 0.13709199 | H12: =C12/VLOOKUP($A12,'Estimated Hospital Beds'!$D:$E,2,) -> 0.16439169
A13: Warrington and Halton Teaching Hospitals NHS Foundation Trust | B13: =VLOOKUP(A13,'March to Aug Data'!C:D,2,) -> 123 | C13: =INDEX('Sep to Nov Data'!$E$4:$CZ$488,MATCH(Analysis!A13,'Sep to Nov Data'!$C$4:$C$488,0),MATCH(Analysis!$B$1,'Sep to Nov Data'!$E$3:$CZ$3,0)) -> 155 | D13: =C13/B13 -> 1.2601626 | E13: =IFERROR(INDEX('March to Aug Data'!$A:$A,MATCH(Analysis!A13,'March to Aug Data'!$C:$C,0),1),"-") -> North West | G13: =B13/VLOOKUP($A13,'Estimated Hospital Beds'!$D:$E,2,) -> 0.21964286 | H13: =C13/VLOOKUP($A13,'Estimated Hospital Beds'!$D:$E,2,) -> 0.27678571
A14: Blackpool Teaching Hospitals NHS Foundation Trust | B14: =VLOOKUP(A14,'March to Aug Data'!C:D,2,) -> 146 | C14: =INDEX('Sep to Nov Data'!$E$4:$CZ$488,MATCH(Analysis!A14,'Sep to Nov Data'!$C$4:$C$488,0),MATCH(Analysis!$B$1,'Sep to Nov Data'!$E$3:$CZ$3,0)) -> 142 | D14: =C14/B14 -> 0.97260274 | E14: =IFERROR(INDEX('March to Aug Data'!$A:$A,MATCH(Analysis!A14,'March to Aug Data'!$C:$C,0),1),"-") -> North West | G14: =B14/VLOOKUP($A14,'Estimated Hospital Beds'!$D:$E,2,) -> 0.21007194 | H14: =C14/VLOOKUP($A14,'Estimated Hospital Beds'!$D:$E,2,) -> 0.20431655
A15: Liverpool University Hospitals NHS Foundation Trust | B15: =VLOOKUP(A15,'March to Aug Data'!C:D,2,) -> 390 | C15: =INDEX('Sep to Nov Data'!$E$4:$CZ$488,MATCH(Analysis!A15,'Sep to Nov Data'!$C$4:$C$488,0),MATCH(Analysis!$B$1,'Sep to Nov Data'!$E$3:$CZ$3,0)) -> 413 | D15: =C15/B15 -> 1.0589744 | E15: =IFERROR(INDEX('March to Aug Data'!$A:$A,MATCH(Analysis!A15,'March to Aug Data'!$C:$C,0),1),"-") -> North West | G15: =B15/VLOOKUP($A15,'Estimated Hospital Beds'!$D:$E,2,) -> 0.24451411 | H15: =C15/VLOOKUP($A15,'Estimated Hospital Beds'!$D:$E,2,) -> 0.25893417
... A82: East Kent Hospitals University NHS Foundation Trust | B82: =VLOOKUP(A82,'March to Aug Data'!C:D,2,) -> 187 | C82: =INDEX('Sep to Nov Data'!$E$4:$CZ$488,MATCH(Analysis!A82,'Sep to Nov Data'!$C$4:$C$488,0),MATCH(Analysis!$B$1,'Sep to Nov Data'!$E$3:$CZ$3,0)) -> 27 | D82: =C82/B82 -> 0.14438503 | E82: =IFERROR(INDEX('March to Aug Data'!$A:$A,MATCH(Analysis!A82,'March to Aug Data'!$C:$C,0),1),"-") -> South East | G82: =B82/VLOOKUP($A82,'Estimated Hospital Beds'!$D:$E,2,) -> 0.1813773 | H82: =C82/VLOOKUP($A82,'Estimated Hospital Beds'!$D:$E,2,) -> 0.026188167

Sheet Analysis - Vaues Edit For Salfo
A1: Current Date | B1: 44140
A3: Important Note: since Salford Royal does not have reported data for Nov 5th I have used its figure for Nov 4th. I have also added that figure to the Overall count of current beds occupied by covid patients
A5: Hosp/trust name (Mar to Aug) | B5: Peak beds occupied by covid patients (wave 1) | C5: Current beds occupied by covid patients | D5: Ratio of current to wave 1 peak | E5: Region | G5: Peak bed est. occupancy rate (wave 1) | H5: Current bed est. occupancy rate
A6: Overall | B6: =VLOOKUP(A6,'March to Aug Data'!C:D,2,) -> 18970 | C6: =INDEX('Sep to Nov Data'!$E$4:$CZ$488,MATCH(Analysis!A4,'Sep to Nov Data'!$C$4:$C$488,0),MATCH(Analysis!$B$1,'Sep to Nov Data'!$E$3:$CZ$3,0))+94 -> 11088 | D6: =C6/B6 -> 0.58450185 | E6: =IFERROR(INDEX('March to Aug Data'!$A:$A,MATCH(Analysis!A4,'March to Aug Data'!$C:$C,0),1),"-") -> - | G6: =B6/VLOOKUP($A6,'Estimated Hospital Beds'!$D:$E,2,) -> 0.16015467 | H6: =C6/VLOOKUP($A6,'Estimated Hospital Beds'!$D:$E,2,) -> 0.093610698
A7: Barnsley Hospital NHS Foundation Trust | B7: =VLOOKUP(A7,'March to Aug Data'!C:D,2,) -> 71 | C7: =INDEX('Sep to Nov Data'!$E$4:$CZ$488,MATCH(Analysis!A5,'Sep to Nov Data'!$C$4:$C$488,0),MATCH(Analysis!$B$1,'Sep to Nov Data'!$E$3:$CZ$3,0)) -> 167 | D7: =C7/B7 -> 2.3521127 | E7: =IFERROR(INDEX('March to Aug Data'!$A:$A,MATCH(Analysis!A5,'March to Aug Data'!$C:$C,0),1),"-") -> North East and Yorkshire | G7: =B7/VLOOKUP($A7,'Estimated Hospital Beds'!$D:$E,2,) -> 0.17317073 | H7: =C7/VLOOKUP($A7,'Estimated Hospital Beds'!$D:$E,2,) -> 0.40731707
A8: Doncaster and Bassetlaw Teaching Hospitals NHS Foundation Trust | B8: =VLOOKUP(A8,'March to Aug Data'!C:D,2,) -> 112 | C8: =INDEX('Sep to Nov Data'!$E$4:$CZ$488,MATCH(Analysis!A6,'Sep to Nov Data'!$C$4:$C$488,0),MATCH(Analysis!$B$1,'Sep to Nov Data'!$E$3:$CZ$3,0)) -> 191 | D8: =C8/B8 -> 1.7053571 | E8: =IFERROR(INDEX('March to Aug Data'!$A:$A,MATCH(Analysis!A6,'March to Aug Data'!$C:$C,0),1),"-") -> North East and Yorkshire | G8: =B8/VLOOKUP($A8,'Estimated Hospital Beds'!$D:$E,2,) -> 0.14035088 | H8: =C8/VLOOKUP($A8,'Estimated Hospital Beds'!$D:$E,2,) -> 0.23934837
A9: Nottingham University Hospitals NHS Trust | B9: =VLOOKUP(A9,'March to Aug Data'!C:D,2,) -> 221 | C9: =INDEX('Sep to Nov Data'!$E$4:$CZ$488,MATCH(Analysis!A7,'Sep to Nov Data'!$C$4:$C$488,0),MATCH(Analysis!$B$1,'Sep to Nov Data'!$E$3:$CZ$3,0)) -> 287 | D9: =C9/B9 -> 1.2986425 | E9: =IFERROR(INDEX('March to Aug Data'!$A:$A,MATCH(Analysis!A7,'March to Aug Data'!$C:$C,0),1),"-") -> Midlands | G9: =B9/VLOOKUP($A9,'Estimated Hospital Beds'!$D:$E,2,) -> 0.14616402 | H9: =C9/VLOOKUP($A9,'Estimated Hospital Beds'!$D:$E,2,) -> 0.18981481
A10: Wrightington, Wigan and Leigh NHS Foundation Trust | B10: =VLOOKUP(A10,'March to Aug Data'!C:D,2,) -> 98 | C10: =INDEX('Sep to Nov Data'!$E$4:$CZ$488,MATCH(Analysis!A8,'Sep to Nov Data'!$C$4:$C$488,0),MATCH(Analysis!$B$1,'Sep to Nov Data'!$E$3:$CZ$3,0)) -> 126 | D10: =C10/B10 -> 1.2857143 | E10: =IFERROR(INDEX('March to Aug Data'!$A:$A,MATCH(Analysis!A8,'March to Aug Data'!$C:$C,0),1),"-") -> North West | G10: =B10/VLOOKUP($A10,'Estimated Hospital Beds'!$D:$E,2,) -> 0.17102967 | H10: =C10/VLOOKUP($A10,'Estimated Hospital Beds'!$D:$E,2,) -> 0.21989529
A11: North Tees and Hartlepool NHS Foundation Trust | B11: =VLOOKUP(A11,'March to Aug Data'!C:D,2,) -> 73 | C11: =INDEX('Sep to Nov Data'!$E$4:$CZ$488,MATCH(Analysis!A9,'Sep to Nov Data'!$C$4:$C$488,0),MATCH(Analysis!$B$1,'Sep to Nov Data'!$E$3:$CZ$3,0)) -> 112 | D11: =C11/B11 -> 1.5342466 | E11: =IFERROR(INDEX('March to Aug Data'!$A:$A,MATCH(Analysis!A9,'March to Aug Data'!$C:$C,0),1),"-") -> North East and Yorkshire | G11: =B11/VLOOKUP($A11,'Estimated Hospital Beds'!$D:$E,2,) -> 0.15973742 | H11: =C11/VLOOKUP($A11,'Estimated Hospital Beds'!$D:$E,2,) -> 0.24507659
A12: University Hospitals of North Midlands NHS Trust | B12: =VLOOKUP(A12,'March to Aug Data'!C:D,2,) -> 165 | C12: =INDEX('Sep to Nov Data'!$E$4:$CZ$488,MATCH(Analysis!A10,'Sep to Nov Data'!$C$4:$C$488,0),MATCH(Analysis!$B$1,'Sep to Nov Data'!$E$3:$CZ$3,0)) -> 214 | D12: =C12/B12 -> 1.2969697 | E12: =IFERROR(INDEX('March to Aug Data'!$A:$A,MATCH(Analysis!A10,'March to Aug Data'!$C:$C,0),1),"-") -> Midlands | G12: =B12/VLOOKUP($A12,'Estimated Hospital Beds'!$D:$E,2,) -> 0.11506276 | H12: =C12/VLOOKUP($A12,'Estimated Hospital Beds'!$D:$E,2,) -> 0.14923291
A13: Pennine Acute Hospitals NHS Trust | B13: =VLOOKUP(A13,'March to Aug Data'!C:D,2,) -> 262 | C13: =INDEX('Sep to Nov Data'!$E$4:$CZ$488,MATCH(Analysis!A11,'Sep to Nov Data'!$C$4:$C$488,0),MATCH(Analysis!$B$1,'Sep to Nov Data'!$E$3:$CZ$3,0)) -> 382 | D13: =C13/B13 -> 1.4580153 | E13: =IFERROR(INDEX('March to Aug Data'!$A:$A,MATCH(Analysis!A11,'March to Aug Data'!$C:$C,0),1),"-") -> North West | G13: =B13/VLOOKUP($A13,'Estimated Hospital Beds'!$D:$E,2,) -> 0.22016807 | H13: =C13/VLOOKUP($A13,'Estimated Hospital Beds'!$D:$E,2,) -> 0.3210084
A14: Leeds Teaching Hospitals NHS Trust | B14: =VLOOKUP(A14,'March to Aug Data'!C:D,2,) -> 231 | C14: =INDEX('Sep to Nov Data'!$E$4:$CZ$488,MATCH(Analysis!A12,'Sep to Nov Data'!$C$4:$C$488,0),MATCH(Analysis!$B$1,'Sep to Nov Data'!$E$3:$CZ$3,0)) -> 277 | D14: =C14/B14 -> 1.1991342 | E14: =IFERROR(INDEX('March to Aug Data'!$A:$A,MATCH(Analysis!A12,'March to Aug Data'!$C:$C,0),1),"-") -> North East and Yorkshire | G14: =B14/VLOOKUP($A14,'Estimated Hospital Beds'!$D:$E,2,) -> 0.13709199 | H14: =C14/VLOOKUP($A14,'Estimated Hospital Beds'!$D:$E,2,) -> 0.16439169
A15: Warrington and Halton Teaching Hospitals NHS Foundation Trust | B15: =VLOOKUP(A15,'March to Aug Data'!C:D,2,) -> 123 | C15: =INDEX('Sep to Nov Data'!$E$4:$CZ$488,MATCH(Analysis!A13,'Sep to Nov Data'!$C$4:$C$488,0),MATCH(Analysis!$B$1,'Sep to Nov Data'!$E$3:$CZ$3,0)) -> 155 | D15: =C15/B15 -> 1.2601626 | E15: =IFERROR(INDEX('March to Aug Data'!$A:$A,MATCH(Analysis!A13,'March to Aug Data'!$C:$C,0),1),"-") -> North West | G15: =B15/VLOOKUP($A15,'Estimated Hospital Beds'!$D:$E,2,) -> 0.21964286 | H15: =C15/VLOOKUP($A15,'Estimated Hospital Beds'!$D:$E,2,) -> 0.27678571
A16: Blackpool Teaching Hospitals NHS Foundation Trust | B16: =VLOOKUP(A16,'March to Aug Data'!C:D,2,) -> 146 | C16: =INDEX('Sep to Nov Data'!$E$4:$CZ$488,MATCH(Analysis!A14,'Sep to Nov Data'!$C$4:$C$488,0),MATCH(Analysis!$B$1,'Sep to Nov Data'!$E$3:$CZ$3,0)) -> 142 | D16: =C16/B16 -> 0.97260274 | E16: =IFERROR(INDEX('March to Aug Data'!$A:$A,MATCH(Analysis!A14,'March to Aug Data'!$C:$C,0),1),"-") -> North West | G16: =B16/VLOOKUP($A16,'Estimated Hospital Beds'!$D:$E,2,) -> 0.21007194 | H16: =C16/VLOOKUP($A16,'Estimated Hospital Beds'!$D:$E,2,) -> 0.20431655
A17: Liverpool University Hospitals NHS Foundation Trust | B17: =VLOOKUP(A17,'March to Aug Data'!C:D,2,) -> 390 | C17: =INDEX('Sep to Nov Data'!$E$4:$CZ$488,MATCH(Analysis!A15,'Sep to Nov Data'!$C$4:$C$488,0),MATCH(Analysis!$B$1,'Sep to Nov Data'!$E$3:$CZ$3,0)) -> 413 | D17: =C17/B17 -> 1.0589744 | E17: =IFERROR(INDEX('March to Aug Data'!$A:$A,MATCH(Analysis!A15,'March to Aug Data'!$C:$C,0),1),"-") -> North West | G17: =B17/VLOOKUP($A17,'Estimated Hospital Beds'!$D:$E,2,) -> 0.24451411 | H17: =C17/VLOOKUP($A17,'Estimated Hospital Beds'!$D:$E,2,) -> 0.25893417
A18: East Lancashire Hospitals NHS Trust | B18: =VLOOKUP(A18,'March to Aug Data'!C:D,2,) -> 184 | C18: =INDEX('Sep to Nov Data'!$E$4:$CZ$488,MATCH(Analysis!A16,'Sep to Nov Data'!$C$4:$C$488,0),MATCH(Analysis!$B$1,'Sep to Nov Data'!$E$3:$CZ$3,0)) -> 204 | D18: =C18/B18 -> 1.1086957 | E18: =IFERROR(INDEX('March to Aug Data'!$A:$A,MATCH(Analysis!A16,'March to Aug Data'!$C:$C,0),1),"-") -> North West | G18: =B18/VLOOKUP($A18,'Estimated Hospital Beds'!$D:$E,2,) -> 0.19978284 | H18: =C18/VLOOKUP($A18,'Estimated Hospital Beds'!$D:$E,2,) -> 0.22149837
... A20: Tameside and Glossop Integrated Care NHS Foundation Trust | B20: =VLOOKUP(A20,'March to Aug Data'!C:D,2,) -> 88 | C20: =INDEX('Sep to Nov Data'!$E$4:$CZ$488,MATCH(Analysis!A18,'Sep to Nov Data'!$C$4:$C$488,0),MATCH(Analysis!$B$1,'Sep to Nov Data'!$E$3:$CZ$3,0)) -> 84 | D20: =C20/B20 -> 0.95454545 | E20: =IFERROR(INDEX('March to Aug Data'!$A:$A,MATCH(Analysis!A18,'March to Aug Data'!$C:$C,0),1),"-") -> North West | G20: =B20/VLOOKUP($A20,'Estimated Hospital Beds'!$D:$E,2,) -> 0.19340659 | H20: =C20/VLOOKUP($A20,'Estimated Hospital Beds'!$D:$E,2,) -> 0.18461538
A21: Salford Royal NHS Foundation Trust | B21: =VLOOKUP(A21,'March to Aug Data'!C:D,2,) -> 136 | C21: 94 | D21: =C21/B21 -> 0.69117647 | E21: =IFERROR(INDEX('March to Aug Data'!$A:$A,MATCH(Analysis!A19,'March to Aug Data'!$C:$C,0),1),"-") -> North West | G21: =B21/VLOOKUP($A21,'Estimated Hospital Beds'!$D:$E,2,) -> 0.19484241 | H21: =C21/VLOOKUP($A21,'Estimated Hospital Beds'!$D:$E,2,) -> 0.13467049
A22: Northern Lincolnshire and Goole NHS Foundation Trust | B22: =VLOOKUP(A22,'March to Aug Data'!C:D,2,) -> 75 | C22: =INDEX('Sep to Nov Data'!$E$4:$CZ$488,MATCH(Analysis!A20,'Sep to Nov Data'!$C$4:$C$488,0),MATCH(Analysis!$B$1,'Sep to Nov Data'!$E$3:$CZ$3,0)) -> 98 | D22: =C22/B22 -> 1.3066667 | E22: =IFERROR(INDEX('March to Aug Data'!$A:$A,MATCH(Analysis!A20,'March to Aug Data'!$C:$C,0),1),"-") -> North East and Yorkshire | G22: =B22/VLOOKUP($A22,'Estimated Hospital Beds'!$D:$E,2,) -> 0.11450382 | H22: =C22/VLOOKUP($A22,'Estimated Hospital Beds'!$D:$E,2,) -> 0.14961832
A23: Lancashire Teaching Hospitals NHS Foundation Trust | B23: =VLOOKUP(A23,'March to Aug Data'!C:D,2,) -> 142 | C23: =INDEX('Sep to Nov Data'!$E$4:$CZ$488,MATCH(Analysis!A21,'Sep to Nov Data'!$C$4:$C$488,0),MATCH(Analysis!$B$1,'Sep to Nov Data'!$E$3:$CZ$3,0)) -> 135 | D23: =C23/B23 -> 0.95070423 | E23: =IFERROR(INDEX('March to Aug Data'!$A:$A,MATCH(Analysis!A21,'March to Aug Data'!$C:$C,0),1),"-") -> North West | G23: =B23/VLOOKUP($A23,'Estimated Hospital Beds'!$D:$E,2,) -> 0.21385542 | H23: =C23/VLOOKUP($A23,'Estimated Hospital Beds'!$D:$E,2,) -> 0.20331325
A24: University Hospitals of Morecambe Bay NHS Foundation Trust | B24: =VLOOKUP(A24,'March to Aug Data'!C:D,2,) -> 147 | C24: =INDEX('Sep to Nov Data'!$E$4:$CZ$488,MATCH(Analysis!A22,'Sep to Nov Data'!$C$4:$C$488,0),MATCH(Analysis!$B$1,'Sep to Nov Data'!$E$3:$CZ$3,0)) -> 136 | D24: =C24/B24 -> 0.92517007 | E24: =IFERROR(INDEX('March to Aug Data'!$A:$A,MATCH(Analysis!A22,'March to Aug Data'!$C:$C,0),1),"-") -> North West | G24: =B24/VLOOKUP($A24,'Estimated Hospital Beds'!$D:$E,2,) -> 0.22861586 | H24: =C24/VLOOKUP($A24,'Estimated Hospital Beds'!$D:$E,2,) -> 0.21150855
A25: Gateshead Health NHS Foundation Trust | B25: =VLOOKUP(A25,'March to Aug Data'!C:D,2,) -> 124 | C25: =INDEX('Sep to Nov Data'!$E$4:$CZ$488,MATCH(Analysis!A23,'Sep to Nov Data'!$C$4:$C$488,0),MATCH(Analysis!$B$1,'Sep to Nov Data'!$E$3:$CZ$3,0)) -> 114 | D25: =C25/B25 -> 0.91935484 | E25: =IFERROR(INDEX('March to Aug Data'!$A:$A,MATCH(Analysis!A23,'March to Aug Data'!$C:$C,0),1),"-") -> North East and Yorkshire | G25: =B25/VLOOKUP($A25,'Estimated Hospital Beds'!$D:$E,2,) -> 0.27192982 | H25: =C25/VLOOKUP($A25,'Estimated Hospital Beds'!$D:$E,2,) -> 0.25
A26: Stockport NHS Foundation Trust | B26: =VLOOKUP(A26,'March to Aug Data'!C:D,2,) -> 137 | C26: =INDEX('Sep to Nov Data'!$E$4:$CZ$488,MATCH(Analysis!A24,'Sep to Nov Data'!$C$4:$C$488,0),MATCH(Analysis!$B$1,'Sep to Nov Data'!$E$3:$CZ$3,0)) -> 138 | D26: =C26/B26 -> 1.0072993 | E26: =IFERROR(INDEX('March to Aug Data'!$A:$A,MATCH(Analysis!A24,'March to Aug Data'!$C:$C,0),1),"-") -> North West | G26: =B26/VLOOKUP($A26,'Estimated Hospital Beds'!$D:$E,2,) -> 0.26499033 | H26: =C26/VLOOKUP($A26,'Estimated Hospital Beds'!$D:$E,2,) -> 0.26692456
A27: Calderdale and Huddersfield NHS Foundation Trust | B27: =VLOOKUP(A27,'March to Aug Data'!C:D,2,) -> 125 | C27: =INDEX('Sep to Nov Data'!$E$4:$CZ$488,MATCH(Analysis!A25,'Sep to Nov Data'!$C$4:$C$488,0),MATCH(Analysis!$B$1,'Sep to Nov Data'!$E$3:$CZ$3,0)) -> 107 | D27: =C27/B27 -> 0.856 | E27: =IFERROR(INDEX('March to Aug Data'!$A:$A,MATCH(Analysis!A25,'March to Aug Data'!$C:$C,0),1),"-") -> North East and Yorkshire | G27: =B27/VLOOKUP($A27,'Estimated Hospital Beds'!$D:$E,2,) -> 0.18712575 | H27: =C27/VLOOKUP($A27,'Estimated Hospital Beds'!$D:$E,2,) -> 0.16017964
A28: North East London NHS Foundation Trust | B28: =VLOOKUP(A28,'March to Aug Data'!C:D,2,) -> 49 | C28: =INDEX('Sep to Nov Data'!$E$4:$CZ$488,MATCH(Analysis!A26,'Sep to Nov Data'!$C$4:$C$488,0),MATCH(Analysis!$B$1,'Sep to Nov Data'!$E$3:$CZ$3,0)) -> 41 | D28: =C28/B28 -> 0.83673469 | E28: =IFERROR(INDEX('March to Aug Data'!$A:$A,MATCH(Analysis!A26,'March to Aug Data'!$C:$C,0),1),"-") -> London | G28: =B28/VLOOKUP($A28,'Estimated Hospital Beds'!$D:$E,2,) -> 0.11187215 | H28: =C28/VLOOKUP($A28,'Estimated Hospital Beds'!$D:$E,2,) -> 0.093607306
A29: Hull University Teaching Hospitals NHS Trust | B29: =VLOOKUP(A29,'March to Aug Data'!C:D,2,) -> 112 | C29: =INDEX('Sep to Nov Data'!$E$4:$CZ$488,MATCH(Analysis!A27,'Sep to Nov Data'!$C$4:$C$488,0),MATCH(Analysis!$B$1,'Sep to Nov Data'!$E$3:$CZ$3,0)) -> 119 | D29: =C29/B29 -> 1.0625 | E29: =IFERROR(INDEX('March to Aug Data'!$A:$A,MATCH(Analysis!A27,'March to Aug Data'!$C:$C,0),1),"-") -> North East and Yorkshire | G29: =B29/VLOOKUP($A29,'Estimated Hospital Beds'!$D:$E,2,) -> 0.10980392 | H29: =C29/VLOOKUP($A29,'Estimated Hospital Beds'!$D:$E,2,) -> 0.11666667
A30: County Durham and Darlington NHS Foundation Trust | B30: =VLOOKUP(A30,'March to Aug Data'!C:D,2,) -> 135 | C30: =INDEX('Sep to Nov Data'!$E$4:$CZ$488,MATCH(Analysis!A28,'Sep to Nov Data'!$C$4:$C$488,0),MATCH(Analysis!$B$1,'Sep to Nov Data'!$E$3:$CZ$3,0)) -> 119 | D30: =C30/B30 -> 0.88148148 | E30: =IFERROR(INDEX('March to Aug Data'!$A:$A,MATCH(Analysis!A28,'March to Aug Data'!$C:$C,0),1),"-") -> North East and Yorkshire | G30: =B30/VLOOKUP($A30,'Estimated Hospital Beds'!$D:$E,2,) -> 0.14705882 | H30: =C30/VLOOKUP($A30,'Estimated Hospital Beds'!$D:$E,2,) -> 0.12962963
A31: Airedale NHS Foundation Trust | B31: =VLOOKUP(A31,'March to Aug Data'!C:D,2,) -> 73 | C31: =INDEX('Sep to Nov Data'!$E$4:$CZ$488,MATCH(Analysis!A29,'Sep to Nov Data'!$C$4:$C$488,0),MATCH(Analysis!$B$1,'Sep to Nov Data'!$E$3:$CZ$3,0)) -> 58 | D31: =C31/B31 -> 0.79452055 | E31: =IFERROR(INDEX('March to Aug Data'!$A:$A,MATCH(Analysis!A29,'March to Aug Data'!$C:$C,0),1),"-") -> North East and Yorkshire | G31: =B31/VLOOKUP($A31,'Estimated Hospital Beds'!$D:$E,2,) -> 0.20165746 | H31: =C31/VLOOKUP($A31,'Estimated Hospital Beds'!$D:$E,2,) -> 0.16022099
A32: Southport and Ormskirk Hospital NHS Trust | B32: =VLOOKUP(A32,'March to Aug Data'!C:D,2,) -> 114 | C32: =INDEX('Sep to Nov Data'!$E$4:$CZ$488,MATCH(Analysis!A30,'Sep to Nov Data'!$C$4:$C$488,0),MATCH(Analysis!$B$1,'Sep to Nov Data'!$E$3:$CZ$3,0)) -> 95 | D32: =C32/B32 -> 0.83333333 | E32: =IFERROR(INDEX('March to Aug Data'!$A:$A,MATCH(Analysis!A30,'March to Aug Data'!$C:$C,0),1),"-") -> North West | G32: =B32/VLOOKUP($A32,'Estimated Hospital Beds'!$D:$E,2,) -> 0.24516129 | H32: =C32/VLOOKUP($A32,'Estimated Hospital Beds'!$D:$E,2,) -> 0.20430108
A33: St Helens and Knowsley Teaching Hospitals NHS Trust | B33: =VLOOKUP(A33,'March to Aug Data'!C:D,2,) -> 153 | C33: =INDEX('Sep to Nov Data'!$E$4:$CZ$488,MATCH(Analysis!A31,'Sep to Nov Data'!$C$4:$C$488,0),MATCH(Analysis!$B$1,'Sep to Nov Data'!$E$3:$CZ$3,0)) -> 105 | D33: =C33/B33 -> 0.68627451 | E33: =IFERROR(INDEX('March to Aug Data'!$A:$A,MATCH(Analysis!A31,'March to Aug Data'!$C:$C,0),1),"-") -> North West | G33: =B33/VLOOKUP($A33,'Estimated Hospital Beds'!$D:$E,2,) -> 0.23181818 | H33: =C33/VLOOKUP($A33,'Estimated Hospital Beds'!$D:$E,2,) -> 0.15909091
... A84: East Kent Hospitals University NHS Foundation Trust | B84: =VLOOKUP(A84,'March to Aug Data'!C:D,2,) -> 187 | C84: =INDEX('Sep to Nov Data'!$E$4:$CZ$488,MATCH(Analysis!A82,'Sep to Nov Data'!$C$4:$C$488,0),MATCH(Analysis!$B$1,'Sep to Nov Data'!$E$3:$CZ$3,0)) -> 27 | D84: =C84/B84 -> 0.14438503 | E84: =IFERROR(INDEX('March to Aug Data'!$A:$A,MATCH(Analysis!A82,'March to Aug Data'!$C:$C,0),1),"-") -> South East | G84: =B84/VLOOKUP($A84,'Estimated Hospital Beds'!$D:$E,2,) -> 0.1813773 | H84: =C84/VLOOKUP($A84,'Estimated Hospital Beds'!$D:$E,2,) -> 0.026188167
